site,year,cdc_week,week_start,total_mosquitoes,predicted_mosquitoes,residual
AEG-3635 Alpine Dr,2025,29,2025-07-14,7.0,5.0,2.0
AEG-574 N. 2330 E. STG,2025,35,2025-08-25,30.0,8.9,21.1
APV001,2023,33,2023-08-14,28.0,47.5,-19.5
APV001,2024,25,2024-06-17,0.0,18.8,-18.8
APV001,2024,31,2024-07-29,6.0,1.6,4.4
APV001,2025,34,2025-08-18,15.0,8.7,6.3
ENT003,2023,25,2023-06-19,1.0,23.8,-22.8
ENT003,2023,33,2023-08-14,1.0,2.8,-1.8
ENT003,2024,26,2024-06-24,19.0,2.6,16.4
ENT003,2025,31,2025-07-28,7.0,19.2,-12.2
ENT003,2025,33,2025-08-11,9.0,9.6,-0.6
ENT004,2023,25,2023-06-19,16.0,28.3,-12.3
ENT004,2023,33,2023-08-14,29.0,13.8,15.2
ENT004,2024,26,2024-06-24,41.0,19.2,21.8
EX-Mall Dr. Bridge,2025,30,2025-07-21,50.0,49.3,0.7
EX-Mall Dr. Bridge,2025,32,2025-08-04,27.0,31.8,-4.8
EX-Mall Dr. Bridge,2025,34,2025-08-18,72.0,24.0,48.0
EX-Mall Dr. Bridge,2025,35,2025-08-25,47.0,42.8,4.2
HAR001,2023,18,2023-05-01,2.0,10.5,-8.5
HAR001,2023,20,2023-05-15,16.0,2.8,13.2
HAR001,2023,21,2023-05-22,12.0,12.3,-0.3
HAR001,2023,23,2023-06-05,1.0,10.6,-9.6
HAR001,2023,24,2023-06-12,1.0,2.6,-1.6
HAR001,2023,26,2023-06-26,0.0,2.3,-2.3
HAR001,2023,27,2023-07-03,0.0,1.6,-1.6
HAR001,2023,28,2023-07-10,0.0,1.8,-1.8
HAR001,2023,29,2023-07-17,0.0,2.0,-2.0
HAR001,2023,30,2023-07-24,0.0,2.1,-2.1
HAR001,2023,32,2023-08-07,0.0,1.9,-1.9
HAR001,2023,33,2023-08-14,0.0,1.5,-1.5
HAR001,2023,35,2023-08-28,5.0,1.3,3.7
HAR001,2023,36,2023-09-04,25.0,8.2,16.8
HAR001,2024,21,2024-05-20,0.0,15.9,-15.9
HAR001,2024,33,2024-08-12,0.0,1.2,-1.2
HAR001-EX,2023,38,2023-09-18,2.0,36.6,-34.6
HAR001-EX,2023,39,2023-09-25,0.0,3.0,-3.0
HAR001-EX,2023,40,2023-10-02,2.0,1.0,1.0
HAR001-EX,2023,41,2023-10-09,0.0,2.8,-2.8
HIL002,2023,33,2023-08-14,31.0,47.5,-16.5
HIL002,2024,25,2024-06-17,87.0,20.1,66.9
HIL002,2024,31,2024-07-29,52.0,45.5,6.5
HIL002,2025,26,2025-06-23,13.0,34.4,-21.4
HUR007,2023,24,2023-06-12,2.0,0.8,1.2
HUR007,2023,25,2023-06-19,4.0,3.3,0.7
HUR007,2023,43,2023-10-23,5.0,5.8,-0.8
HUR007,2024,18,2024-04-29,0.0,4.2,-4.2
HUR007,2024,20,2024-05-13,1.0,0.9,0.1
HUR007,2024,26,2024-06-24,64.0,2.6,61.4
HUR007,2024,33,2024-08-12,5.0,42.0,-37.0
HUR007,2024,34,2024-08-19,2.0,8.4,-6.4
HUR007,2024,35,2024-08-26,110.0,4.1,105.9
HUR007,2024,36,2024-09-02,41.0,50.3,-9.3
HUR007,2024,37,2024-09-09,4.0,28.6,-24.6
HUR007,2024,38,2024-09-16,5.0,6.0,-1.0
HUR007,2024,40,2024-09-30,0.0,5.7,-5.7
HUR007,2025,20,2025-05-12,1.0,1.5,-0.5
HUR007,2025,21,2025-05-19,0.0,2.1,-2.1
HUR007,2025,22,2025-05-26,0.0,1.3,-1.3
HUR007,2025,23,2025-06-02,2.0,1.6,0.4
HUR007,2025,24,2025-06-09,0.0,4.3,-4.3
HUR007,2025,25,2025-06-16,0.0,1.8,-1.8
HUR007,2025,26,2025-06-23,2.0,1.8,0.2
HUR007,2025,27,2025-06-30,8.0,4.2,3.8
HUR007,2025,28,2025-07-07,3.0,10.2,-7.2
HUR007,2025,29,2025-07-14,3.0,6.2,-3.2
HUR007,2025,30,2025-07-21,8.0,5.7,2.3
HUR007,2025,31,2025-07-28,3.0,9.8,-6.8
HUR007,2025,32,2025-08-04,1.0,5.8,-4.8
HUR007,2025,33,2025-08-11,10.0,3.6,6.4
HUR007,2025,34,2025-08-18,7.0,12.2,-5.2
HUR007,2025,35,2025-08-25,2.0,9.7,-7.7
HUR008,2023,15,2023-04-10,1.0,3.1,-2.1
HUR008,2023,16,2023-04-17,3.0,1.8,1.2
HUR008,2023,17,2023-04-24,0.0,3.2,-3.2
HUR008,2023,18,2023-05-01,1.0,1.0,0.0
HUR008,2023,20,2023-05-15,4.0,1.9,2.1
HUR008,2023,21,2023-05-22,3.0,5.1,-2.1
HUR008,2023,22,2023-05-29,0.0,4.5,-4.5
HUR008,2023,23,2023-06-05,123.0,1.2,121.8
HUR008,2023,24,2023-06-12,30.0,49.5,-19.5
HUR008,2023,25,2023-06-19,9.0,18.1,-9.1
HUR008,2023,26,2023-06-26,13.0,9.5,3.5
HUR008,2023,27,2023-07-03,6.0,13.0,-7.0
HUR008,2023,28,2023-07-10,0.0,8.7,-8.7
HUR008,2023,29,2023-07-17,0.0,2.0,-2.0
HUR008,2023,30,2023-07-24,3.0,2.1,0.9
HUR008,2023,31,2023-07-31,157.0,6.0,151.0
HUR008,2023,32,2023-08-07,6.0,62.1,-56.1
HUR008,2023,33,2023-08-14,11.0,7.7,3.3
HUR008,2023,35,2023-08-28,3.0,10.3,-7.3
HUR008,2023,36,2023-09-04,5.0,6.1,-1.1
HUR008,2023,37,2023-09-11,6.0,5.6,0.4
HUR008,2023,38,2023-09-18,7.0,6.2,0.8
HUR008,2023,39,2023-09-25,6.0,6.5,-0.5
HUR008,2023,40,2023-10-02,10.0,5.9,4.1
HUR008,2023,41,2023-10-09,15.0,7.6,7.4
HUR008,2023,42,2023-10-16,10.0,9.9,0.1
HUR008,2024,23,2024-06-03,28.0,8.3,19.7
HUR008,2024,24,2024-06-10,11.0,22.8,-11.8
HUR008,2024,25,2024-06-17,0.0,12.6,-12.6
HUR008,2024,26,2024-06-24,332.0,1.6,330.4
HUR008,2024,27,2024-07-01,46.0,121.4,-75.4
HUR008,2024,28,2024-07-08,44.0,34.0,10.0
HUR008,2024,29,2024-07-15,17.0,34.1,-17.1
HUR008,2024,30,2024-07-22,37.0,17.6,19.4
HUR008,2024,31,2024-07-29,21.0,29.0,-8.0
HUR008,2024,32,2024-08-05,45.0,19.2,25.8
HUR008,2024,33,2024-08-12,14.0,32.1,-18.1
HUR008,2024,34,2024-08-19,6.0,15.9,-9.9
HUR008,2024,35,2024-08-26,10.0,7.7,2.3
HUR008,2024,36,2024-09-02,9.0,10.7,-1.7
HUR008,2024,37,2024-09-09,83.0,10.8,72.2
HUR008,2024,38,2024-09-16,487.0,41.5,445.5
HUR008,2024,39,2024-09-23,298.0,111.2,186.8
HUR008,2024,40,2024-09-30,25.0,94.8,-69.8
HUR008,2024,41,2024-10-07,42.0,19.1,22.9
HUR008,2024,42,2024-10-14,20.0,24.8,-4.8
HUR008,2024,43,2024-10-21,10.0,12.5,-2.5
HUR008,2025,18,2025-04-28,1.0,7.2,-6.2
HUR008,2025,20,2025-05-12,3.0,2.0,1.0
HUR008,2025,21,2025-05-19,194.0,3.8,190.2
HUR008,2025,22,2025-05-26,47.0,66.3,-19.3
HUR008,2025,23,2025-06-02,23.0,29.9,-6.9
HUR008,2025,24,2025-06-09,12.0,19.1,-7.1
HUR008,2025,25,2025-06-16,1.0,13.5,-12.5
HUR008,2025,26,2025-06-23,10.0,3.3,6.7
HUR008,2025,27,2025-06-30,5.0,10.9,-5.9
HUR008,2025,28,2025-07-07,2.0,7.7,-5.7
HUR008,2025,29,2025-07-14,9.0,5.0,4.0
HUR008,2025,30,2025-07-21,0.0,11.1,-11.1
HUR008,2025,31,2025-07-28,2.0,1.7,0.3
HUR008,2025,32,2025-08-04,4.0,4.6,-0.6
HUR008,2025,33,2025-08-11,3.0,7.3,-4.3
HUR008,2025,34,2025-08-18,4.0,5.9,-1.9
HUR008,2025,35,2025-08-25,3.0,6.9,-3.9
HUR009,2023,22,2023-05-29,15.0,5.3,9.7
HUR009,2023,23,2023-06-05,28.0,12.1,15.9
HUR009,2023,24,2023-06-12,18.0,18.9,-0.9
HUR009,2023,25,2023-06-19,26.0,13.0,13.0
HUR009,2023,26,2023-06-26,32.0,18.9,13.1
HUR009,2023,27,2023-07-03,0.0,23.2,-23.2
HUR009,2023,28,2023-07-10,10.0,1.8,8.2
HUR009,2023,29,2023-07-17,41.0,12.7,28.3
HUR009,2023,30,2023-07-24,3.0,32.6,-29.6
HUR009,2023,31,2023-07-31,63.0,6.0,57.0
HUR009,2023,32,2023-08-07,55.0,34.4,20.6
HUR009,2023,33,2023-08-14,27.0,31.7,-4.7
HUR009,2023,35,2023-08-28,24.0,18.4,5.6
HUR009,2023,36,2023-09-04,5.0,22.0,-17.0
HUR009,2023,37,2023-09-11,66.0,5.6,60.4
HUR009,2023,38,2023-09-18,20.0,29.7,-9.7
HUR009,2023,39,2023-09-25,135.0,13.0,122.0
HUR009,2023,40,2023-10-02,54.0,45.3,8.7
HUR009,2023,41,2023-10-09,21.0,23.2,-2.2
HUR009,2023,42,2023-10-16,3.0,12.4,-9.4
HUR009,2024,21,2024-05-20,1.0,3.9,-2.9
HUR009,2024,23,2024-06-03,6.0,2.4,3.6
HUR009,2024,24,2024-06-10,15.0,8.6,6.4
HUR009,2024,25,2024-06-17,1.0,15.3,-14.3
HUR009,2024,27,2024-07-01,12.0,3.1,8.9
HUR009,2024,28,2024-07-08,8.0,14.4,-6.4
HUR009,2024,30,2024-07-22,2.0,11.5,-9.5
HUR009,2024,31,2024-07-29,34.0,4.9,29.1
HUR009,2024,32,2024-08-05,24.0,26.1,-2.1
HUR009,2024,33,2024-08-12,58.0,21.4,36.6
HUR009,2024,34,2024-08-19,88.0,39.6,48.4
HUR009,2024,36,2024-09-02,38.0,43.4,-5.4
HUR009,2024,37,2024-09-09,66.0,27.2,38.8
HUR009,2025,18,2025-04-28,1.0,35.8,-34.8
HUR009,2025,20,2025-05-12,7.0,2.0,5.0
HUR009,2025,21,2025-05-19,0.0,6.5,-6.5
HUR009,2025,22,2025-05-26,2.0,1.3,0.7
HUR009,2025,23,2025-06-02,2.0,4.2,-2.2
HUR009,2025,24,2025-06-09,1.0,4.3,-3.3
HUR009,2025,25,2025-06-16,0.0,3.4,-3.4
HUR009,2025,26,2025-06-23,0.0,1.8,-1.8
HUR009,2025,27,2025-06-30,5.0,1.6,3.4
HUR009,2025,28,2025-07-07,4.0,7.7,-3.7
HUR009,2025,29,2025-07-14,1.0,7.3,-6.3
HUR009,2025,30,2025-07-21,39.0,3.3,35.7
HUR009,2025,31,2025-07-28,1.0,27.1,-26.1
HUR009,2025,32,2025-08-04,2.0,3.3,-1.3
HUR009,2025,33,2025-08-11,7.0,5.0,2.0
HUR009,2025,35,2025-08-25,2.0,9.7,-7.7
IVI001,2023,15,2023-04-10,11.0,5.4,5.6
IVI001,2023,16,2023-04-17,2.0,7.9,-5.9
IVI001,2023,17,2023-04-24,9.0,2.5,6.5
IVI001,2023,18,2023-05-01,3.0,7.6,-4.6
IVI001,2023,19,2023-05-08,7.0,3.5,3.5
IVI001,2023,20,2023-05-15,24.0,6.6,17.4
IVI001,2023,21,2023-05-22,17.0,16.0,1.0
IVI001,2023,22,2023-05-29,4.0,13.3,-9.3
IVI001,2023,23,2023-06-05,16.0,5.2,10.8
IVI001,2023,24,2023-06-12,7.0,13.2,-6.2
IVI001,2023,25,2023-06-19,9.0,7.0,2.0
IVI001,2023,26,2023-06-26,34.0,9.5,24.5
IVI001,2023,27,2023-07-03,118.0,24.1,93.9
IVI001,2023,28,2023-07-10,65.0,58.3,6.7
IVI001,2023,29,2023-07-17,101.0,42.1,58.9
IVI001,2023,30,2023-07-24,92.0,58.3,33.7
IVI001,2023,31,2023-07-31,19.0,51.5,-32.5
IVI001,2023,32,2023-08-07,60.0,15.8,44.2
IVI001,2023,33,2023-08-14,52.0,33.6,18.4
IVI001,2023,35,2023-08-28,54.0,28.1,25.9
IVI001,2023,37,2023-09-11,29.0,37.1,-8.1
IVI001,2023,38,2023-09-18,34.0,17.4,16.6
IVI001,2023,39,2023-09-25,49.0,18.4,30.6
IVI001,2023,40,2023-10-02,8.0,23.4,-15.4
IVI001,2023,41,2023-10-09,54.0,6.6,47.4
IVI001,2023,42,2023-10-16,29.0,23.0,6.0
IVI001,2023,43,2023-10-23,19.0,16.7,2.3
IVI003,2024,24,2024-06-10,94.0,229.3,-135.3
IVI003,2024,25,2024-06-17,45.0,49.9,-4.9
IVI003,2024,26,2024-06-24,26.0,29.7,-3.7
IVI003,2024,27,2024-07-01,378.0,23.5,354.5
IVI003,2024,28,2024-07-08,431.0,131.9,299.1
IVI003,2024,29,2024-07-15,32.0,148.1,-116.1
IVI003,2024,30,2024-07-22,56.0,26.5,29.5
IVI003,2024,31,2024-07-29,11.0,37.8,-26.8
IVI003,2024,32,2024-08-05,64.0,12.7,51.3
IVI003,2024,33,2024-08-12,63.0,40.3,22.7
IVI003,2024,34,2024-08-19,20.0,41.8,-21.8
IVI003,2024,35,2024-08-26,27.0,16.6,10.4
IVI003,2024,36,2024-09-02,49.0,20.2,28.8
IVI003,2024,37,2024-09-09,55.0,32.1,22.9
IVI003,2024,38,2024-09-16,33.0,31.8,1.2
IVI003,2024,39,2024-09-23,44.0,19.4,24.6
IVI003,2025,13,2025-03-24,9.0,27.5,-18.5
IVI003,2025,15,2025-04-07,2.0,7.1,-5.1
IVI003,2025,16,2025-04-14,4.0,3.2,0.8
IVI003,2025,17,2025-04-21,0.0,4.1,-4.1
IVI003,2025,18,2025-04-28,4.0,1.0,3.0
IVI003,2025,20,2025-05-12,414.0,4.3,409.7
IVI003,2025,21,2025-05-19,258.0,92.9,165.1
IVI003,2025,22,2025-05-26,250.0,79.7,170.3
IVI003,2025,23,2025-06-02,61.0,88.1,-27.1
IVI003,2025,24,2025-06-09,99.0,35.9,63.1
IVI003,2025,25,2025-06-16,20.0,52.7,-32.7
IVI003,2025,26,2025-06-23,23.0,18.5,4.5
IVI003,2025,27,2025-06-30,32.0,18.7,13.3
IVI003,2025,28,2025-07-07,13.0,24.8,-11.8
IVI003,2025,29,2025-07-14,25.0,15.0,10.0
IVI003,2025,30,2025-07-21,22.0,21.3,0.7
IVI003,2025,31,2025-07-28,29.0,18.7,10.3
IVI003,2025,32,2025-08-04,8.0,23.6,-15.6
IVI003,2025,33,2025-08-11,28.0,11.1,16.9
IVI003,2025,34,2025-08-18,37.0,23.5,13.5
IVI003,2025,35,2025-08-25,33.0,27.9,5.1
LAV001,2023,20,2023-05-15,15.0,18.5,-3.5
LAV001,2023,21,2023-05-22,7.0,11.8,-4.8
LAV001,2023,22,2023-05-29,9.0,7.5,1.5
LAV001,2023,23,2023-06-05,11.0,8.7,2.3
LAV001,2023,24,2023-06-12,3.0,10.3,-7.3
LAV001,2023,25,2023-06-19,5.0,4.2,0.8
LAV001,2023,26,2023-06-26,1.0,6.6,-5.6
LAV001,2023,27,2023-07-03,41.0,3.0,38.0
LAV001,2023,28,2023-07-10,8.0,29.5,-21.5
LAV001,2023,29,2023-07-17,27.0,11.1,15.9
LAV001,2023,30,2023-07-24,29.0,24.9,4.1
LAV001,2023,31,2023-07-31,2.0,24.5,-22.5
LAV001,2023,32,2023-08-07,37.0,4.0,33.0
LAV001,2023,33,2023-08-14,89.0,24.5,64.5
LAV001,2023,35,2023-08-28,20.0,39.9,-19.9
LAV001,2023,36,2023-09-04,7.0,19.6,-12.6
LAV001,2023,37,2023-09-11,16.0,7.0,9.0
LAV001,2023,38,2023-09-18,5.0,11.8,-6.8
LAV001,2023,39,2023-09-25,11.0,5.3,5.7
LAV001,2023,40,2023-10-02,22.0,8.8,13.2
LAV001,2023,41,2023-10-09,21.0,12.9,8.1
LAV001,2023,42,2023-10-16,13.0,12.4,0.6
LAV001,2023,43,2023-10-23,1.0,9.9,-8.9
LAV001,2024,20,2024-05-13,9.0,1.6,7.4
LAV001,2024,21,2024-05-20,45.0,9.1,35.9
LAV001,2024,23,2024-06-03,65.0,24.3,40.7
LAV001,2024,24,2024-06-10,45.0,39.2,5.8
LAV001,2024,25,2024-06-17,61.0,31.0,30.0
LAV001,2024,26,2024-06-24,818.0,36.2,781.8
LAV001,2024,29,2024-07-15,111.0,216.7,-105.7
LAV001,2024,30,2024-07-22,110.0,59.0,51.0
LAV001,2024,31,2024-07-29,68.0,58.5,9.5
LAV001,2024,32,2024-08-05,105.0,40.9,64.1
LAV001,2024,33,2024-08-12,219.0,55.5,163.5
LAV001,2024,34,2024-08-19,149.0,93.3,55.7
LAV001,2024,35,2024-08-26,101.0,61.1,39.9
LAV001,2024,38,2024-09-16,97.0,47.6,49.4
LAV001,2025,18,2025-04-28,1.0,39.2,-38.2
LAV001,2025,20,2025-05-12,9.0,2.0,7.0
LAV001,2025,21,2025-05-19,0.0,7.7,-7.7
LAV001,2025,22,2025-05-26,15.0,1.3,13.7
LAV001,2025,23,2025-06-02,20.0,14.3,5.7
LAV001,2025,24,2025-06-09,7.0,17.5,-10.5
LAV001,2025,25,2025-06-16,8.0,9.7,-1.7
LAV001,2025,26,2025-06-23,8.0,10.4,-2.4
LAV001,2025,27,2025-06-30,45.0,9.5,35.5
LAV001,2025,28,2025-07-07,52.0,30.9,21.1
LAV001,2025,29,2025-07-14,30.0,36.5,-6.5
LAV001,2025,30,2025-07-21,44.0,24.0,20.0
LAV001,2025,31,2025-07-28,13.0,29.3,-16.3
LAV001,2025,32,2025-08-04,7.0,14.1,-7.1
LAV001,2025,33,2025-08-11,9.0,10.2,-1.2
LAV001,2025,34,2025-08-18,12.0,11.4,0.6
LAV001,2025,35,2025-08-25,16.0,13.5,2.5
LEE003,2023,18,2023-05-01,4.0,18.0,-14.0
LEE003,2023,21,2023-05-22,25.0,4.2,20.8
LEE003,2023,22,2023-05-29,12.0,17.1,-5.1
LEE003,2023,23,2023-06-05,8.0,10.5,-2.5
LEE003,2023,24,2023-06-12,8.0,8.4,-0.4
LEE003,2023,26,2023-06-26,32.0,7.7,24.3
LEE003,2023,27,2023-07-03,30.0,23.2,6.8
LEE003,2023,28,2023-07-10,11.0,24.1,-13.1
LEE003,2023,29,2023-07-17,5.0,13.5,-8.5
LEE003,2023,30,2023-07-24,3.0,8.7,-5.7
LEE003,2023,32,2023-08-07,11.0,6.0,5.0
LEE003,2023,33,2023-08-14,6.0,11.2,-5.2
LEE003,2023,35,2023-08-28,16.0,7.0,9.0
LEE003,2023,36,2023-09-04,12.0,17.0,-5.0
LEE003,2023,38,2023-09-18,8.0,9.8,-1.8
LEE003,2023,39,2023-09-25,2.0,7.1,-5.1
LEE003,2023,40,2023-10-02,16.0,3.0,13.0
LEE003,2023,41,2023-10-09,6.0,10.4,-4.4
LEE003,2024,23,2024-06-03,46.0,5.4,40.6
LEE003,2024,24,2024-06-10,17.0,31.4,-14.4
LEE003,2024,25,2024-06-17,10.0,16.6,-6.6
LEE003,2024,27,2024-07-01,7.0,11.3,-4.3
LEE003,2024,29,2024-07-15,4.0,10.3,-6.3
LEE003,2024,30,2024-07-22,7.0,7.2,-0.2
LEE003,2024,31,2024-07-29,0.0,10.1,-10.1
LEE003,2024,37,2024-09-09,13.0,1.8,11.2
LEE003,2025,24,2025-06-09,25.0,12.5,12.5
LEE003,2025,26,2025-06-23,8.0,21.7,-13.7
LEE003,2025,28,2025-07-07,16.0,9.5,6.5
LEE003,2025,30,2025-07-21,5.0,17.1,-12.1
LEE003,2025,32,2025-08-04,3.0,7.3,-4.3
LEE003,2025,34,2025-08-18,7.0,6.2,0.8
NHA001,2023,21,2023-05-22,3.0,11.0,-8.0
NHA001,2023,23,2023-06-05,9.0,4.5,4.5
NHA001,2023,24,2023-06-12,12.0,9.1,2.9
NHA001,2023,26,2023-06-26,6.0,10.0,-4.0
NHA001,2023,27,2023-07-03,27.0,8.0,19.0
NHA001,2023,28,2023-07-10,77.0,22.5,54.5
NHA001,2023,29,2023-07-17,54.0,47.0,7.0
NHA001,2023,30,2023-07-24,44.0,38.9,5.1
NHA001,2023,32,2023-08-07,31.0,32.0,-1.0
NHA001,2023,33,2023-08-14,36.0,21.9,14.1
NHA001,2023,35,2023-08-28,73.0,22.1,50.9
NHA001,2023,36,2023-09-04,60.0,45.0,15.0
NHA002,2023,32,2023-08-07,8.0,1.6,6.4
NHA002,2023,33,2023-08-14,4.0,9.2,-5.2
NHA002,2023,35,2023-08-28,5.0,5.4,-0.4
NHA002,2023,36,2023-09-04,2.0,8.2,-6.2
NHA002,2024,23,2024-06-03,10.0,3.2,6.8
NHA002,2024,24,2024-06-10,14.0,11.8,2.2
NHA002,2024,25,2024-06-17,0.0,14.6,-14.6
NHA002,2024,27,2024-07-01,12.0,1.6,10.4
NHA002,2025,26,2025-06-23,23.0,14.4,8.6
NHA002,2025,28,2025-07-07,10.0,18.7,-8.7
NHA003,2023,33,2023-08-14,39.0,15.3,23.7
NHA003,2023,35,2023-08-28,182.0,23.3,158.7
NHA003,2023,36,2023-09-04,30.0,81.1,-51.1
NHA003,2023,38,2023-09-18,40.0,17.9,22.1
NHA003,2023,39,2023-09-25,10.0,20.5,-10.5
NHA003,2023,40,2023-10-02,0.0,8.3,-8.3
NHA003,2023,41,2023-10-09,14.0,0.9,13.1
NHA003,2024,23,2024-06-03,44.0,9.5,34.5
NHA003,2024,24,2024-06-10,29.0,30.5,-1.5
NHA003,2024,25,2024-06-17,85.0,23.4,61.6
NHA003,2024,27,2024-07-01,118.0,44.8,73.2
NHA003,2024,30,2024-07-22,23.0,62.3,-39.3
NHA003,2024,31,2024-07-29,32.0,21.3,10.7
NHA003,2024,33,2024-08-12,15.0,25.1,-10.1
NHA003,2024,37,2024-09-09,19.0,16.6,2.4
NHA003,2025,24,2025-06-09,13.0,16.0,-3.0
NHA003,2025,26,2025-06-23,53.0,14.3,38.7
NHA003,2025,28,2025-07-07,42.0,32.0,10.0
NHA003,2025,30,2025-07-21,14.0,31.8,-17.8
NHA003,2025,32,2025-08-04,10.0,14.0,-4.0
NHA003,2025,34,2025-08-18,21.0,12.7,8.3
NHA003-1,2023,21,2023-05-22,5.0,87.1,-82.1
NHA003-1,2023,23,2023-06-05,7.0,6.1,0.9
NHA003-1,2023,24,2023-06-12,19.0,7.7,11.3
NHA003-1,2023,26,2023-06-26,4.0,13.5,-9.5
NHA003-1,2023,27,2023-07-03,65.0,6.2,58.8
NHA003-1,2023,28,2023-07-10,24.0,39.7,-15.7
NHA003-1,2023,29,2023-07-17,65.0,22.2,42.8
NHA003-1,2023,30,2023-07-24,45.0,43.9,1.1
NHA003-2,2023,29,2023-07-17,113.0,35.2,77.8
NHA003-2,2023,30,2023-07-24,137.0,62.6,74.4
ROC002,2023,20,2023-05-15,1.0,5.3,-4.3
ROC002,2025,29,2025-07-14,7.0,2.4,4.6
ROC002,2025,31,2025-07-28,1.0,9.5,-8.5
ROC002,2025,32,2025-08-04,3.0,3.3,-0.3
ROC002,2025,33,2025-08-11,4.0,6.2,-2.2
ROC002,2025,34,2025-08-18,3.0,7.0,-4.0
ROC002,2025,35,2025-08-25,4.0,5.8,-1.8
ROC004,2023,23,2023-06-05,4.0,2.5,1.5
ROC004,2023,24,2023-06-12,1.0,5.5,-4.5
ROC004,2023,25,2023-06-19,2.0,2.3,-0.3
ROC004,2023,26,2023-06-26,1.0,3.9,-2.9
ROC004,2023,27,2023-07-03,0.0,3.0,-3.0
ROC004,2023,28,2023-07-10,1.0,1.8,-0.8
ROC004,2023,29,2023-07-17,1.0,3.6,-2.6
ROC004,2023,30,2023-07-24,0.0,3.8,-3.8
ROC004,2023,32,2023-08-07,0.0,1.9,-1.9
ROC004,2023,33,2023-08-14,0.0,1.5,-1.5
ROC004,2023,35,2023-08-28,2.0,1.3,0.7
ROC004,2023,36,2023-09-04,3.0,4.9,-1.9
ROC004,2023,37,2023-09-11,3.0,4.1,-1.1
ROC004,2023,39,2023-09-25,0.0,4.1,-4.1
ROC004,2023,40,2023-10-02,1.0,1.0,0.0
ROC004,2023,41,2023-10-09,1.0,1.9,-0.9
ROC004,2023,42,2023-10-16,1.0,1.9,-0.9
ROC004,2024,23,2024-06-03,1.0,2.1,-1.1
ROC004,2024,25,2024-06-17,0.0,3.3,-3.3
ROC004,2024,26,2024-06-24,0.0,1.6,-1.6
ROC004,2024,28,2024-07-08,0.0,2.0,-2.0
ROC004,2024,29,2024-07-15,0.0,2.1,-2.1
ROC004,2024,30,2024-07-22,0.0,1.9,-1.9
ROC004,2024,31,2024-07-29,0.0,1.9,-1.9
ROC004,2024,32,2024-08-05,0.0,1.8,-1.8
ROC004,2024,33,2024-08-12,1.0,1.9,-0.9
ROC004,2024,35,2024-08-26,1.0,3.7,-2.7
ROC004,2024,36,2024-09-02,0.0,2.9,-2.9
ROC004,2024,37,2024-09-09,1.0,1.7,-0.7
ROC004,2025,30,2025-07-21,3.0,2.9,0.1
SCL001,2023,20,2023-05-15,11.0,4.6,6.4
SCL001,2023,22,2023-05-29,6.0,9.6,-3.6
SCL001,2023,23,2023-06-05,20.0,6.7,13.3
SCL001,2023,24,2023-06-12,4.0,15.2,-11.2
SCL001,2023,25,2023-06-19,5.0,5.0,0.0
SCL001,2023,28,2023-07-10,188.0,6.6,181.4
SCL001,2023,29,2023-07-17,268.0,83.6,184.4
SCL001,2023,30,2023-07-24,133.0,109.2,23.8
SCL001,2023,31,2023-07-31,85.0,65.4,19.6
SCL001,2023,32,2023-08-07,40.0,41.8,-1.8
SCL001,2023,33,2023-08-14,34.0,25.8,8.2
SCL001,2023,35,2023-08-28,47.0,21.3,25.7
SCL001,2023,36,2023-09-04,10.0,33.9,-23.9
SCL001,2023,37,2023-09-11,17.0,8.7,8.3
SCL001,2023,38,2023-09-18,12.0,12.2,-0.2
SCL001,2023,39,2023-09-25,10.0,9.3,0.7
SCL001,2023,41,2023-10-09,3.0,8.3,-5.3
SCL001,2023,42,2023-10-16,5.0,3.5,1.5
SCL001,2023,43,2023-10-23,0.0,5.3,-5.3
SCL001,2023,45,2023-11-06,0.0,0.6,-0.6
SCL001,2023,46,2023-11-13,0.0,0.5,-0.5
SCL001,2023,48,2023-11-27,0.0,0.5,-0.5
SCL001,2024,16,2024-04-15,1.0,0.2,0.8
SCL001,2024,17,2024-04-22,10.0,1.9,8.1
SCL001,2024,18,2024-04-29,9.0,7.6,1.4
SCL001,2024,19,2024-05-06,10.0,7.4,2.6
SCL001,2024,20,2024-05-13,26.0,7.3,18.7
SCL001,2024,21,2024-05-20,47.0,18.0,29.0
SCL001,2024,22,2024-05-27,28.0,25.0,3.0
SCL001,2024,23,2024-06-03,13.0,20.5,-7.5
SCL001,2024,24,2024-06-10,5.0,13.9,-8.9
SCL001,2024,25,2024-06-17,4.0,7.7,-3.7
SCL001,2024,26,2024-06-24,0.0,6.4,-6.4
SCL001,2024,27,2024-07-01,1.0,2.0,-1.0
SCL001,2024,28,2024-07-08,4.0,3.6,0.4
SCL001,2024,29,2024-07-15,3.0,7.6,-4.6
SCL001,2024,30,2024-07-22,4.0,6.1,-2.1
SCL001,2024,31,2024-07-29,1.0,7.2,-6.2
SCL001,2024,32,2024-08-05,6.0,3.3,2.7
SCL001,2024,33,2024-08-12,4.0,8.9,-4.9
SCL001,2024,34,2024-08-19,0.0,7.4,-7.4
SCL001,2024,35,2024-08-26,4.0,1.5,2.5
SCL001,2024,36,2024-09-02,27.0,6.1,20.9
SCL001,2024,37,2024-09-09,19.0,21.8,-2.8
SCL001,2024,38,2024-09-16,9.0,16.0,-7.0
SCL001,2024,39,2024-09-23,7.0,8.3,-1.3
SCL001,2024,40,2024-09-30,19.0,8.4,10.6
SCL001,2024,41,2024-10-07,13.0,16.0,-3.0
SCL001,2024,42,2024-10-14,3.0,11.6,-8.6
SCL001,2024,43,2024-10-21,5.0,3.7,1.3
SCL001,2025,13,2025-03-24,2.0,4.5,-2.5
SCL001,2025,15,2025-04-07,0.0,2.8,-2.8
SCL001,2025,16,2025-04-14,1.0,1.1,-0.1
SCL001,2025,17,2025-04-21,3.0,1.8,1.2
SCL001,2025,18,2025-04-28,2.0,3.8,-1.8
SCL001,2025,20,2025-05-12,5.0,2.8,2.2
SCL001,2025,21,2025-05-19,10.0,5.2,4.8
SCL001,2025,22,2025-05-26,7.0,9.7,-2.7
SCL001,2025,23,2025-06-02,5.0,8.8,-3.8
SCL001,2025,24,2025-06-09,8.0,7.3,0.7
SCL001,2025,25,2025-06-16,3.0,10.5,-7.5
SCL001,2025,26,2025-06-23,6.0,5.8,0.2
SCL001,2025,27,2025-06-30,10.0,7.9,2.1
SCL001,2025,28,2025-07-07,4.0,11.8,-7.8
SCL001,2025,29,2025-07-14,2.0,7.3,-5.3
SCL001,2025,30,2025-07-21,10.0,4.6,5.4
SCL001,2025,31,2025-07-28,5.0,11.3,-6.3
SCL001,2025,32,2025-08-04,5.0,7.8,-2.8
SCL001,2025,33,2025-08-11,8.0,8.3,-0.3
SCL001,2025,34,2025-08-18,8.0,10.6,-2.6
SCL001,2025,35,2025-08-25,23.0,10.5,12.5
SCL004,2023,5,2023-01-30,0.0,0.2,-0.2
SCL004,2023,10,2023-03-06,0.0,0.1,-0.1
SCL004,2023,13,2023-03-27,0.0,0.3,-0.3
SCL004,2023,14,2023-04-03,0.0,0.3,-0.3
SCL004,2023,15,2023-04-10,3.0,0.4,2.6
SCL004,2023,16,2023-04-17,5.0,3.4,1.6
SCL004,2023,17,2023-04-24,10.0,4.5,5.5
SCL004,2023,18,2023-05-01,38.0,8.2,29.8
SCL004,2023,19,2023-05-08,22.0,18.4,3.6
SCL004,2023,20,2023-05-15,74.0,14.0,60.0
SCL004,2023,21,2023-05-22,142.0,33.3,108.7
SCL004,2023,22,2023-05-29,66.0,52.8,13.2
SCL004,2023,23,2023-06-05,299.0,31.8,267.2
SCL004,2023,24,2023-06-12,120.0,87.8,32.2
SCL004,2023,25,2023-06-19,14.0,44.7,-30.7
SCL004,2023,26,2023-06-26,186.0,12.7,173.3
SCL004,2023,27,2023-07-03,255.0,72.4,182.6
SCL004,2023,28,2023-07-10,261.0,95.9,165.1
SCL004,2023,29,2023-07-17,66.0,103.2,-37.2
SCL004,2023,30,2023-07-24,42.0,44.3,-2.3
SCL004,2023,31,2023-07-31,19.0,31.1,-12.1
SCL004,2023,32,2023-08-07,11.0,15.8,-4.8
SCL004,2023,33,2023-08-14,35.0,11.2,23.8
SCL004,2023,35,2023-08-28,33.0,21.7,11.3
SCL004,2023,36,2023-09-04,16.0,27.0,-11.0
SCL004,2023,37,2023-09-11,15.0,11.9,3.1
SCL004,2023,38,2023-09-18,8.0,11.3,-3.3
SCL004,2023,39,2023-09-25,8.0,7.1,0.9
SCL004,2023,40,2023-10-02,2.0,7.1,-5.1
SCL004,2023,41,2023-10-09,1.0,2.8,-1.8
SCL004,2023,42,2023-10-16,3.0,1.9,1.1
SCL004,2023,43,2023-10-23,0.0,3.9,-3.9
SCL004,2023,44,2023-10-30,0.0,0.6,-0.6
SCL004,2023,45,2023-11-06,12.0,0.6,11.4
SCL004,2023,46,2023-11-13,0.0,6.7,-6.7
SCL004,2023,48,2023-11-27,0.0,0.5,-0.5
SCL004,2023,49,2023-12-04,0.0,0.2,-0.2
SCL004,2024,10,2024-03-04,1.0,0.3,0.7
SCL004,2024,11,2024-03-11,2.0,1.2,0.8
SCL004,2024,12,2024-03-18,0.0,1.8,-1.8
SCL004,2024,13,2024-03-25,2.0,0.6,1.4
SCL004,2024,14,2024-04-01,6.0,2.1,3.9
SCL004,2024,15,2024-04-08,1.0,4.1,-3.1
SCL004,2024,16,2024-04-15,1.0,1.8,-0.8
SCL004,2024,17,2024-04-22,6.0,1.9,4.1
SCL004,2024,18,2024-04-29,20.0,5.4,14.6
SCL004,2024,19,2024-05-06,5.0,12.6,-7.6
SCL004,2024,20,2024-05-13,26.0,4.6,21.4
SCL004,2024,21,2024-05-20,35.0,18.0,17.0
SCL004,2024,22,2024-05-27,27.0,20.6,6.4
SCL004,2024,23,2024-06-03,162.0,20.0,142.0
SCL004,2024,24,2024-06-10,81.0,70.7,10.3
SCL004,2024,25,2024-06-17,121.0,45.4,75.6
SCL004,2024,26,2024-06-24,0.0,56.3,-56.3
SCL004,2024,27,2024-07-01,156.0,2.0,154.0
SCL004,2024,28,2024-07-08,127.0,74.6,52.4
SCL004,2024,29,2024-07-15,91.0,67.4,23.6
SCL004,2024,30,2024-07-22,13.0,51.9,-38.9
SCL004,2024,31,2024-07-29,40.0,14.8,25.2
SCL004,2024,32,2024-08-05,86.0,29.0,57.0
SCL004,2024,33,2024-08-12,9.0,48.8,-39.8
SCL004,2024,34,2024-08-19,34.0,12.0,22.0
SCL004,2024,35,2024-08-26,8.0,23.5,-15.5
SCL004,2024,36,2024-09-02,0.0,9.3,-9.3
SCL004,2024,37,2024-09-09,0.0,1.7,-1.7
SCL004,2024,38,2024-09-16,9.0,1.5,7.5
SCL004,2024,39,2024-09-23,17.0,8.3,8.7
SCL004,2024,40,2024-09-30,16.0,14.9,1.1
SCL004,2024,41,2024-10-07,18.0,14.4,3.6
SCL004,2024,42,2024-10-14,21.0,14.3,6.7
SCL004,2024,43,2024-10-21,9.0,12.9,-3.9
SCL004,2024,45,2024-11-04,4.0,6.7,-2.7
SCL004,2024,47,2024-11-18,0.0,2.8,-2.8
SCL004,2025,7,2025-02-10,1.0,0.4,0.6
SCL004,2025,8,2025-02-17,2.0,0.9,1.1
SCL004,2025,9,2025-02-24,1.0,1.8,-0.8
SCL004,2025,10,2025-03-03,1.0,1.6,-0.6
SCL004,2025,11,2025-03-10,1.0,1.1,-0.1
SCL004,2025,12,2025-03-17,0.0,1.2,-1.2
SCL004,2025,13,2025-03-24,0.0,0.5,-0.5
SCL004,2025,15,2025-04-07,1.0,0.9,0.1
SCL004,2025,16,2025-04-14,11.0,2.2,8.8
SCL004,2025,17,2025-04-21,4.0,7.9,-3.9
SCL004,2025,18,2025-04-28,18.0,4.5,13.5
SCL004,2025,20,2025-05-12,14.0,11.5,2.5
SCL004,2025,21,2025-05-19,16.0,10.2,5.8
SCL004,2025,22,2025-05-26,34.0,13.1,20.9
SCL004,2025,23,2025-06-02,31.0,24.3,6.7
SCL004,2025,24,2025-06-09,36.0,23.2,12.8
SCL004,2025,25,2025-06-16,24.0,27.4,-3.4
SCL004,2025,26,2025-06-23,42.0,20.8,21.2
SCL004,2025,27,2025-06-30,78.0,27.5,50.5
SCL004,2025,28,2025-07-07,40.0,44.1,-4.1
SCL004,2025,29,2025-07-14,60.0,30.8,29.2
SCL004,2025,30,2025-07-21,45.0,37.6,7.4
SCL004,2025,31,2025-07-28,73.0,29.7,43.3
SCL004,2025,32,2025-08-04,23.0,42.8,-19.8
SCL004,2025,33,2025-08-11,21.0,21.6,-0.6
SCL004,2025,34,2025-08-18,44.0,19.5,24.5
SCL004,2025,35,2025-08-25,36.0,31.2,4.8
SCL005,2023,15,2023-04-10,1.0,2.1,-1.1
SCL005,2023,16,2023-04-17,0.0,1.8,-1.8
SCL005,2023,17,2023-04-24,2.0,0.8,1.2
SCL005,2023,19,2023-05-08,2.0,3.0,-1.0
SCL005,2023,20,2023-05-15,3.0,3.1,-0.1
SCL005,2023,21,2023-05-22,1.0,4.3,-3.3
SCL005,2023,22,2023-05-29,5.0,2.5,2.5
SCL005,2023,23,2023-06-05,2.0,6.0,-4.0
SCL005,2023,24,2023-06-12,1.0,3.7,-2.7
SCL005,2023,25,2023-06-19,2.0,2.3,-0.3
SCL005,2023,26,2023-06-26,1.0,3.9,-2.9
SCL005,2023,27,2023-07-03,0.0,3.0,-3.0
SCL005,2023,28,2023-07-10,1.0,1.8,-0.8
SCL005,2023,29,2023-07-17,2.0,3.6,-1.6
SCL005,2023,30,2023-07-24,3.0,5.2,-2.2
SCL005,2023,31,2023-07-31,4.0,6.0,-2.0
SCL005,2023,32,2023-08-07,4.0,5.9,-1.9
SCL005,2023,33,2023-08-14,8.0,6.0,2.0
SCL005,2023,35,2023-08-28,1.0,8.4,-7.4
SCL005,2023,36,2023-09-04,5.0,3.6,1.4
SCL005,2023,37,2023-09-11,2.0,5.6,-3.6
SCL005,2023,38,2023-09-18,0.0,3.2,-3.2
SCL005,2023,39,2023-09-25,3.0,1.0,2.0
SCL005,2024,23,2024-06-03,7.0,3.9,3.1
SCL005,2024,24,2024-06-10,1.0,9.4,-8.4
SCL005,2024,25,2024-06-17,1.0,3.3,-2.3
SCL005,2024,26,2024-06-24,7.0,3.1,3.9
SCL005,2024,27,2024-07-01,1.0,10.3,-9.3
SCL005,2024,28,2024-07-08,9.0,3.6,5.4
SCL005,2024,29,2024-07-15,21.0,12.4,8.6
SCL005,2024,30,2024-07-22,13.0,20.2,-7.2
SCL005,2024,31,2024-07-29,4.0,14.8,-10.8
SCL005,2024,32,2024-08-05,20.0,6.8,13.2
SCL005,2024,33,2024-08-12,40.0,19.0,21.0
SCL005,2024,34,2024-08-19,10.0,31.2,-21.2
SCL005,2024,35,2024-08-26,3.0,10.7,-7.7
SCL005,2024,36,2024-09-02,4.0,5.1,-1.1
SCL005,2024,37,2024-09-09,6.0,6.6,-0.6
SCL005,2024,38,2024-09-16,4.0,7.7,-3.7
SCL005,2024,39,2024-09-23,2.0,5.0,-3.0
SCL005,2024,40,2024-09-30,2.0,4.0,-2.0
SCL005,2025,18,2025-04-28,1.0,4.1,-3.1
SCL005,2025,20,2025-05-12,2.0,2.0,0.0
SCL005,2025,21,2025-05-19,2.0,3.0,-1.0
SCL005,2025,23,2025-06-02,3.0,3.7,-0.7
SCL005,2025,24,2025-06-09,5.0,5.4,-0.4
SCL005,2025,25,2025-06-16,18.0,7.9,10.1
SCL005,2025,26,2025-06-23,3.0,17.3,-14.3
SCL005,2025,27,2025-06-30,21.0,5.2,15.8
SCL005,2025,28,2025-07-07,6.0,18.9,-12.9
SCL005,2025,29,2025-07-14,11.0,9.3,1.7
SCL005,2025,31,2025-07-28,9.0,12.6,-3.6
SCL005,2025,32,2025-08-04,21.0,11.2,9.8
SCL005,2025,33,2025-08-11,14.0,20.4,-6.4
SCL005,2025,34,2025-08-18,6.0,15.1,-9.1
SCL005,2025,35,2025-08-25,27.0,8.8,18.2
SCL006,2023,21,2023-05-22,9.0,20.3,-11.3
SCL006,2023,26,2023-06-26,12.0,8.8,3.2
SCL006,2023,27,2023-07-03,8.0,12.3,-4.3
SGE002,2023,5,2023-01-30,0.0,0.2,-0.2
SGE002,2023,10,2023-03-06,1.0,0.1,0.9
SGE002,2023,13,2023-03-27,1.0,1.0,-0.0
SGE002,2023,14,2023-04-03,0.0,1.1,-1.1
SGE002,2023,15,2023-04-10,1.0,0.4,0.6
SGE002,2023,16,2023-04-17,2.0,1.8,0.2
SGE002,2023,17,2023-04-24,2.0,2.5,-0.5
SGE002,2023,18,2023-05-01,4.0,3.0,1.0
SGE002,2023,19,2023-05-08,2.0,4.2,-2.2
SGE002,2023,20,2023-05-15,6.0,3.1,2.9
SGE002,2023,21,2023-05-22,10.0,6.5,3.5
SGE002,2023,22,2023-05-29,7.0,9.4,-2.4
SGE002,2023,23,2023-06-05,9.0,7.4,1.6
SGE002,2023,24,2023-06-12,2.0,9.1,-7.1
SGE002,2023,25,2023-06-19,2.0,3.3,-1.3
SGE002,2023,26,2023-06-26,4.0,3.9,0.1
SGE002,2023,27,2023-07-03,15.0,6.2,8.8
SGE002,2023,28,2023-07-10,8.0,15.4,-7.4
SGE002,2023,29,2023-07-17,20.0,11.1,8.9
SGE002,2023,30,2023-07-24,15.0,20.6,-5.6
SGE002,2023,31,2023-07-31,6.0,16.0,-10.0
SGE002,2023,32,2023-08-07,17.0,7.6,9.4
SGE002,2023,33,2023-08-14,10.0,14.8,-4.8
SGE002,2023,35,2023-08-28,11.0,9.6,1.4
SGE002,2023,36,2023-09-04,5.0,13.4,-8.4
SGE002,2023,37,2023-09-11,3.0,5.6,-2.6
SGE002,2023,38,2023-09-18,8.0,4.1,3.9
SGE002,2023,39,2023-09-25,1.0,7.1,-6.1
SGE002,2023,42,2023-10-16,1.0,2.1,-1.1
SGE002,2023,43,2023-10-23,3.0,2.1,0.9
SGE002,2024,16,2024-04-15,0.0,3.0,-3.0
SGE002,2024,17,2024-04-22,0.0,0.9,-0.9
SGE002,2024,18,2024-04-29,1.0,0.9,0.1
SGE002,2024,19,2024-05-06,0.0,2.0,-2.0
SGE002,2024,20,2024-05-13,2.0,0.8,1.2
SGE002,2024,21,2024-05-20,0.0,3.7,-3.7
SGE002,2024,22,2024-05-27,9.0,1.2,7.8
SGE002,2024,23,2024-06-03,5.0,9.9,-4.9
SGE002,2024,24,2024-06-10,7.0,7.7,-0.7
SGE002,2024,25,2024-06-17,16.0,9.5,6.5
SGE002,2024,26,2024-06-24,287.0,15.2,271.8
SGE002,2024,27,2024-07-01,196.0,110.5,85.5
SGE002,2024,28,2024-07-08,171.0,86.4,84.6
SGE002,2024,29,2024-07-15,177.0,81.7,95.3
SGE002,2024,30,2024-07-22,204.0,79.7,124.3
SGE002,2024,31,2024-07-29,138.0,87.1,50.9
SGE002,2024,32,2024-08-05,118.0,64.6,53.4
SGE002,2024,33,2024-08-12,67.0,59.8,7.2
SGE002,2024,34,2024-08-19,30.0,43.5,-13.5
SGE002,2024,35,2024-08-26,1.0,21.6,-20.6
SGE002,2024,36,2024-09-02,89.0,2.9,86.1
SGE002,2024,37,2024-09-09,53.0,47.1,5.9
SGE002,2024,38,2024-09-16,31.0,31.0,-0.0
SGE002,2024,39,2024-09-23,16.0,18.6,-2.6
SGE002,2024,40,2024-09-30,10.0,14.3,-4.3
SGE002,2024,41,2024-10-07,9.0,10.6,-1.6
SGE002,2024,42,2024-10-14,3.0,9.2,-6.2
SGE002,2024,43,2024-10-21,5.0,3.7,1.3
SGE002,2025,13,2025-03-24,6.0,4.5,1.5
SGE002,2025,15,2025-04-07,1.0,5.5,-4.5
SGE002,2025,16,2025-04-14,1.0,2.2,-1.2
SGE002,2025,17,2025-04-21,2.0,1.8,0.2
SGE002,2025,18,2025-04-28,5.0,3.0,2.0
SGE002,2025,20,2025-05-12,26.0,5.0,21.0
SGE002,2025,21,2025-05-19,10.0,15.4,-5.4
SGE002,2025,22,2025-05-26,12.0,9.7,2.3
SGE002,2025,23,2025-06-02,18.0,12.4,5.6
SGE002,2025,24,2025-06-09,66.0,16.3,49.7
SGE002,2025,25,2025-06-16,48.0,40.5,7.5
SGE002,2025,26,2025-06-23,73.0,32.6,40.4
SGE002,2025,27,2025-06-30,84.0,39.4,44.6
SGE002,2025,28,2025-07-07,98.0,46.3,51.7
SGE002,2025,29,2025-07-14,106.0,54.9,51.1
SGE002,2025,31,2025-07-28,119.0,54.3,64.7
SGE002,2025,32,2025-08-04,61.0,58.7,2.3
SGE002,2025,33,2025-08-11,103.0,40.5,62.5
SGE002,2025,34,2025-08-18,191.0,54.4,136.6
SGE002,2025,35,2025-08-25,612.0,80.4,531.6
SGE003,2023,4,2023-01-23,0.0,0.2,-0.2
SGE003,2023,5,2023-01-30,0.0,0.1,-0.1
SGE003,2023,10,2023-03-06,0.0,0.1,-0.1
SGE003,2023,13,2023-03-27,0.0,0.3,-0.3
SGE003,2023,14,2023-04-03,0.0,0.3,-0.3
SGE003,2023,15,2023-04-10,2.0,0.4,1.6
SGE003,2023,16,2023-04-17,3.0,2.7,0.3
SGE003,2023,17,2023-04-24,8.0,3.2,4.8
SGE003,2023,18,2023-05-01,23.0,7.1,15.9
SGE003,2023,19,2023-05-08,11.0,13.2,-2.2
SGE003,2023,20,2023-05-15,89.0,8.9,80.1
SGE003,2023,21,2023-05-22,121.0,37.5,83.5
SGE003,2023,22,2023-05-29,163.0,47.6,115.4
SGE003,2023,23,2023-06-05,92.0,57.2,34.8
SGE003,2023,24,2023-06-12,34.0,41.0,-7.0
SGE003,2023,25,2023-06-19,146.0,19.7,126.3
SGE003,2023,26,2023-06-26,307.0,57.8,249.2
SGE003,2023,27,2023-07-03,164.0,100.0,64.0
SGE003,2023,28,2023-07-10,180.0,72.1,107.9
SGE003,2023,29,2023-07-17,191.0,81.3,109.7
SGE003,2023,30,2023-07-24,194.0,87.8,106.2
SGE003,2023,31,2023-07-31,136.0,83.4,52.6
SGE003,2023,32,2023-08-07,207.0,56.6,150.4
SGE003,2023,33,2023-08-14,246.0,74.8,171.2
SGE003,2023,34,2023-08-21,36.0,77.0,-41.0
SGE003,2023,35,2023-08-28,56.0,23.4,32.6
SGE003,2023,36,2023-09-04,36.0,37.9,-1.9
SGE003,2023,37,2023-09-11,28.0,20.2,7.8
SGE003,2023,38,2023-09-18,58.0,17.0,41.0
SGE003,2023,39,2023-09-25,58.0,26.1,31.9
SGE003,2023,40,2023-10-02,3.0,26.1,-23.1
SGE003,2023,41,2023-10-09,13.0,3.5,9.5
SGE003,2023,42,2023-10-16,12.0,9.0,3.0
SGE003,2023,43,2023-10-23,4.0,9.4,-5.4
SGE003,2023,44,2023-10-30,0.0,3.6,-3.6
SGE003,2023,45,2023-11-06,5.0,0.6,4.4
SGE003,2023,46,2023-11-13,0.0,3.7,-3.7
SGE003,2023,48,2023-11-27,0.0,0.5,-0.5
SGE003,2023,49,2023-12-04,0.0,0.2,-0.2
SGE003,2024,10,2024-03-04,4.0,0.3,3.7
SGE003,2024,11,2024-03-11,1.0,2.9,-1.9
SGE003,2024,12,2024-03-18,4.0,1.2,2.8
SGE003,2024,13,2024-03-25,4.0,3.3,0.7
SGE003,2024,14,2024-04-01,1.0,3.3,-2.3
SGE003,2024,15,2024-04-08,1.0,1.3,-0.3
SGE003,2024,16,2024-04-15,4.0,1.8,2.2
SGE003,2024,17,2024-04-22,0.0,4.3,-4.3
SGE003,2024,18,2024-04-29,7.0,0.9,6.1
SGE003,2024,19,2024-05-06,3.0,6.3,-3.3
SGE003,2024,20,2024-05-13,16.0,3.3,12.7
SGE003,2024,21,2024-05-20,14.0,13.1,0.9
SGE003,2024,22,2024-05-27,22.0,11.3,10.7
SGE003,2024,23,2024-06-03,9.0,17.5,-8.5
SGE003,2024,24,2024-06-10,14.0,11.0,3.0
SGE003,2024,25,2024-06-17,18.0,14.6,3.4
SGE003,2024,26,2024-06-24,29.0,16.4,12.6
SGE003,2024,27,2024-07-01,26.0,25.2,0.8
SGE003,2024,28,2024-07-08,35.0,23.5,11.5
SGE003,2024,29,2024-07-15,42.0,29.4,12.6
SGE003,2024,30,2024-07-22,25.0,31.5,-6.5
SGE003,2024,31,2024-07-29,16.0,22.5,-6.5
SGE003,2024,32,2024-08-05,83.0,16.1,66.9
SGE003,2024,33,2024-08-12,125.0,47.7,77.3
SGE003,2024,34,2024-08-19,37.0,65.0,-28.0
SGE003,2024,35,2024-08-26,16.0,24.8,-8.8
SGE003,2024,36,2024-09-02,82.0,14.4,67.6
SGE003,2024,37,2024-09-09,95.0,44.7,50.3
SGE003,2024,38,2024-09-16,92.0,45.3,46.7
SGE003,2024,39,2024-09-23,89.0,37.9,51.1
SGE003,2024,40,2024-09-30,42.0,43.4,-1.4
SGE003,2024,41,2024-10-07,10.0,26.8,-16.8
SGE003,2024,42,2024-10-14,57.0,9.8,47.2
SGE003,2024,43,2024-10-21,2.0,24.9,-22.9
SGE003,2024,45,2024-11-04,4.0,2.6,1.4
SGE003,2024,46,2024-11-11,3.0,2.8,0.2
SGE003,2024,47,2024-11-18,1.0,2.3,-1.3
SGE003,2025,7,2025-02-10,2.0,1.1,0.9
SGE003,2025,8,2025-02-17,4.0,1.5,2.5
SGE003,2025,9,2025-02-24,0.0,2.9,-2.9
SGE003,2025,10,2025-03-03,2.0,0.7,1.3
SGE003,2025,11,2025-03-10,6.0,1.7,4.3
SGE003,2025,12,2025-03-17,0.0,3.8,-3.8
SGE003,2025,13,2025-03-24,13.0,0.5,12.5
SGE003,2025,15,2025-04-07,6.0,9.1,-3.1
SGE003,2025,16,2025-04-14,10.0,6.2,3.8
SGE003,2025,17,2025-04-21,4.0,7.4,-3.4
SGE003,2025,18,2025-04-28,2.0,4.5,-2.5
SGE003,2025,19,2025-05-05,10.0,2.8,7.2
SGE003,2025,20,2025-05-12,27.0,8.1,18.9
SGE003,2025,21,2025-05-19,22.0,15.7,6.3
SGE003,2025,22,2025-05-26,38.0,16.1,21.9
SGE003,2025,23,2025-06-02,53.0,26.1,26.9
SGE003,2025,24,2025-06-09,68.0,32.8,35.2
SGE003,2025,25,2025-06-16,61.0,41.3,19.7
SGE003,2025,26,2025-06-23,108.0,38.0,70.0
SGE003,2025,27,2025-06-30,116.0,50.8,65.2
SGE003,2025,28,2025-07-07,114.0,57.0,57.0
SGE003,2025,29,2025-07-14,381.0,60.5,320.5
SGE003,2025,30,2025-07-21,83.0,123.7,-40.7
SGE003,2025,31,2025-07-28,123.0,44.2,78.8
SGE003,2025,32,2025-08-04,404.0,60.0,344.0
SGE003,2025,33,2025-08-11,571.0,136.9,434.1
SGE003,2025,34,2025-08-18,261.0,164.0,97.0
SGE003,2025,35,2025-08-25,209.0,98.3,110.7
SGE003-2,2025,17,2025-04-21,36.0,68.0,-32.0
SGE003-2,2025,21,2025-05-19,23.0,18.9,4.1
SGE003-2,2025,22,2025-05-26,169.0,16.6,152.4
SGE003-2,2025,23,2025-06-02,74.0,68.4,5.6
SGE003-2,2025,24,2025-06-09,76.0,40.7,35.3
SGE003-2,2025,25,2025-06-16,98.0,44.4,53.6
SGE003-2,2025,26,2025-06-23,108.0,51.6,56.4
SGE003-2,2025,27,2025-06-30,84.0,50.8,33.2
SGE003-2,2025,28,2025-07-07,94.0,46.3,47.7
SGE003-2,2025,29,2025-07-14,296.0,53.5,242.5
SGE003-2,2025,30,2025-07-21,76.0,105.2,-29.2
SGE003-2,2025,31,2025-07-28,113.0,41.7,71.3
SGE003-2,2025,33,2025-08-11,271.0,56.8,214.2
SGE003-2,2025,34,2025-08-18,113.0,101.6,11.4
SGE003-2,2025,35,2025-08-25,172.0,57.3,114.7
SGE007,2023,20,2023-05-15,3.0,10.7,-7.7
SGE007,2023,21,2023-05-22,7.0,4.3,2.7
SGE007,2023,22,2023-05-29,5.0,7.5,-2.5
SGE007,2023,23,2023-06-05,4.0,6.0,-2.0
SGE007,2023,24,2023-06-12,1.0,5.5,-4.5
SGE007,2023,25,2023-06-19,4.0,2.3,1.7
SGE007,2023,26,2023-06-26,24.0,5.8,18.2
SGE007,2023,27,2023-07-03,52.0,19.3,32.7
SGE007,2023,28,2023-07-10,64.0,34.4,29.6
SGE007,2023,29,2023-07-17,63.0,41.7,21.3
SGE007,2023,30,2023-07-24,78.0,43.0,35.0
SGE007,2023,31,2023-07-31,50.0,46.3,3.7
SGE007,2023,32,2023-08-07,78.0,29.6,48.4
SGE007,2023,33,2023-08-14,128.0,39.8,88.2
SGE007,2023,35,2023-08-28,72.0,50.5,21.5
SGE007,2023,36,2023-09-04,57.0,44.6,12.4
SGE007,2023,37,2023-09-11,23.0,27.2,-4.2
SGE007,2023,38,2023-09-18,21.0,14.9,6.1
SGE007,2023,39,2023-09-25,21.0,13.4,7.6
SGE007,2023,40,2023-10-02,10.0,13.4,-3.4
SGE007,2023,41,2023-10-09,160.0,7.6,152.4
SGE007,2023,42,2023-10-16,170.0,46.8,123.2
SGE007,2023,43,2023-10-23,212.0,53.0,159.0
SGE007,2023,44,2023-10-30,2.0,49.8,-47.8
SGE007,2023,45,2023-11-06,3.0,2.1,0.9
SGE007,2023,46,2023-11-13,1.0,2.6,-1.6
SGE007,2023,48,2023-11-27,0.0,1.3,-1.3
SGE007,2023,49,2023-12-04,0.0,0.2,-0.2
SGE007,2024,6,2024-02-12,0.0,0.3,-0.3
SGE007,2024,9,2024-02-26,0.0,0.3,-0.3
SGE007,2024,11,2024-03-11,6.0,0.5,5.5
SGE007,2024,12,2024-03-18,11.0,3.8,7.2
SGE007,2024,13,2024-03-25,25.0,6.6,18.4
SGE007,2024,14,2024-04-01,14.0,11.3,2.7
SGE007,2024,15,2024-04-08,28.0,7.3,20.7
SGE007,2024,16,2024-04-15,22.0,14.3,7.7
SGE007,2024,17,2024-04-22,56.0,13.1,42.9
SGE007,2024,18,2024-04-29,55.0,23.7,31.3
SGE007,2024,19,2024-05-06,22.0,24.4,-2.4
SGE007,2024,20,2024-05-13,60.0,12.3,47.7
SGE007,2024,21,2024-05-20,61.0,31.0,30.0
SGE007,2024,22,2024-05-27,38.0,29.6,8.4
SGE007,2024,23,2024-06-03,32.0,24.9,7.1
SGE007,2024,24,2024-06-10,9.0,24.8,-15.8
SGE007,2024,25,2024-06-17,23.0,11.1,11.9
SGE007,2024,26,2024-06-24,25.0,19.2,5.8
SGE007,2024,27,2024-07-01,16.0,22.9,-6.9
SGE007,2024,28,2024-07-08,15.0,17.2,-2.2
SGE007,2024,29,2024-07-15,3.0,17.1,-14.1
SGE007,2024,30,2024-07-22,0.0,6.1,-6.1
SGE007,2024,31,2024-07-29,2.0,1.9,0.1
SGE007,2024,32,2024-08-05,0.0,4.6,-4.6
SGE007,2024,33,2024-08-12,2.0,1.9,0.1
SGE007,2024,34,2024-08-19,0.0,5.0,-5.0
SGE007,2024,35,2024-08-26,8.0,1.5,6.5
SGE007,2024,36,2024-09-02,0.0,9.3,-9.3
SGE007,2024,37,2024-09-09,11.0,1.7,9.3
SGE007,2024,38,2024-09-16,3.0,11.2,-8.2
SGE007,2024,39,2024-09-23,4.0,4.2,-0.2
SGE007,2024,40,2024-09-30,8.0,6.0,2.0
SGE007,2024,41,2024-10-07,8.0,9.2,-1.2
SGE007,2024,42,2024-10-14,8.0,8.5,-0.5
SGE007,2024,43,2024-10-21,3.0,6.9,-3.9
SGE007,2024,45,2024-11-04,0.0,3.3,-3.3
SGE007,2024,46,2024-11-11,1.0,0.4,0.6
SGE007,2024,47,2024-11-18,0.0,1.1,-1.1
SGE007,2025,4,2025-01-20,0.0,0.4,-0.4
SGE007,2025,7,2025-02-10,0.0,0.2,-0.2
SGE007,2025,8,2025-02-17,0.0,0.2,-0.2
SGE007,2025,9,2025-02-24,0.0,0.4,-0.4
SGE007,2025,10,2025-03-03,0.0,0.7,-0.7
SGE007,2025,11,2025-03-10,0.0,0.3,-0.3
SGE007,2025,12,2025-03-17,0.0,0.4,-0.4
SGE007,2025,13,2025-03-24,7.0,0.5,6.5
SGE007,2025,15,2025-04-07,25.0,6.0,19.0
SGE007,2025,16,2025-04-14,42.0,15.6,26.4
SGE007,2025,17,2025-04-21,35.0,19.1,15.9
SGE007,2025,18,2025-04-28,12.0,18.6,-6.6
SGE007,2025,20,2025-05-12,5.0,8.8,-3.8
SGE007,2025,21,2025-05-19,3.0,5.2,-2.2
SGE007,2025,22,2025-05-26,4.0,4.6,-0.6
SGE007,2025,23,2025-06-02,3.0,6.3,-3.3
SGE007,2025,24,2025-06-09,12.0,5.4,6.6
SGE007,2025,25,2025-06-16,14.0,13.5,0.5
SGE007,2025,26,2025-06-23,0.0,14.7,-14.7
SGE007,2025,27,2025-06-30,33.0,1.6,31.4
SGE007,2025,28,2025-07-07,18.0,25.3,-7.3
SGE007,2025,29,2025-07-14,11.0,18.4,-7.4
SGE007,2025,30,2025-07-21,5.0,12.6,-7.6
SGE007,2025,31,2025-07-28,7.0,7.3,-0.3
SGE007,2025,32,2025-08-04,5.0,9.6,-4.6
SGE007,2025,33,2025-08-11,7.0,8.3,-1.3
SGE007,2025,34,2025-08-18,11.0,9.7,1.3
SGE007,2025,35,2025-08-25,8.0,12.8,-4.8
SGE008-2,2023,20,2023-05-15,8.0,5.4,2.6
SGE008-2,2023,21,2023-05-22,4.0,7.8,-3.8
SGE008-2,2023,22,2023-05-29,2.0,5.3,-3.3
SGE008-2,2023,23,2023-06-05,5.0,3.5,1.5
SGE008-2,2023,24,2023-06-12,0.0,6.3,-6.3
SGE008-2,2023,25,2023-06-19,2.0,1.1,0.9
SGE008-2,2023,26,2023-06-26,1.0,3.9,-2.9
SGE008-2,2023,27,2023-07-03,0.0,3.0,-3.0
SGE008-2,2023,28,2023-07-10,0.0,1.8,-1.8
SGE008-2,2023,29,2023-07-17,0.0,2.0,-2.0
SGE008-2,2023,30,2023-07-24,2.0,2.1,-0.1
SGE008-2,2023,31,2023-07-31,0.0,4.8,-4.8
SGE008-2,2023,32,2023-08-07,1.0,1.5,-0.5
SGE008-2,2023,33,2023-08-14,4.0,2.9,1.1
SGE008-2,2023,35,2023-08-28,0.0,5.4,-5.4
SGE008-2,2023,36,2023-09-04,0.0,1.9,-1.9
SGE008-2,2023,37,2023-09-11,2.0,1.1,0.9
SGE008-2,2024,24,2024-06-10,2.0,3.2,-1.2
SGE008-2,2024,25,2024-06-17,13.0,4.6,8.4
SGE008-2,2024,27,2024-07-01,10.0,13.3,-3.3
SGE008-2,2024,28,2024-07-08,9.0,12.8,-3.8
SGE008-2,2024,29,2024-07-15,10.0,12.4,-2.4
SGE008-2,2024,30,2024-07-22,1.0,12.6,-11.6
SGE008-2,2024,31,2024-07-29,4.0,3.6,0.4
SGE008-2,2024,32,2024-08-05,4.0,6.8,-2.8
SGE008-2,2024,33,2024-08-12,7.0,7.0,-0.0
SGE008-2,2024,34,2024-08-19,0.0,10.3,-10.3
SGE008-2,2024,35,2024-08-26,14.0,1.5,12.5
SGE008-2,2024,36,2024-09-02,4.0,13.2,-9.2
SGE008-2,2024,37,2024-09-09,8.0,6.6,1.4
SGE008-2,2024,38,2024-09-16,8.0,9.2,-1.2
SGE008-2,2024,39,2024-09-23,2.0,7.7,-5.7
SGE008-2,2024,40,2024-09-30,4.0,4.0,-0.0
SGE008-2,2025,18,2025-04-28,1.0,6.0,-5.0
SGE008-2,2025,20,2025-05-12,4.0,2.0,2.0
SGE008-2,2025,21,2025-05-19,3.0,4.6,-1.6
SGE008-2,2025,22,2025-05-26,12.0,4.6,7.4
SGE008-2,2025,23,2025-06-02,6.0,12.4,-6.4
SGE008-2,2025,24,2025-06-09,6.0,8.1,-2.1
SGE008-2,2025,25,2025-06-16,74.0,8.8,65.2
SGE008-2,2025,26,2025-06-23,45.0,43.1,1.9
SGE008-2,2025,27,2025-06-30,23.0,28.8,-5.8
SGE008-2,2025,28,2025-07-07,21.0,20.1,0.9
SGE008-2,2025,29,2025-07-14,27.0,20.4,6.6
SGE008-2,2025,31,2025-07-28,2.0,22.4,-20.4
SGE008-2,2025,32,2025-08-04,4.0,4.6,-0.6
SGE008-2,2025,33,2025-08-11,9.0,7.3,1.7
SGE008-2,2025,34,2025-08-18,17.0,11.4,5.6
SGE008-2,2025,35,2025-08-25,27.0,16.9,10.1
SGE009,2023,4,2023-01-23,0.0,0.2,-0.2
SGE009,2023,5,2023-01-30,0.0,0.1,-0.1
SGE009,2023,10,2023-03-06,0.0,0.1,-0.1
SGE009,2023,13,2023-03-27,5.0,0.3,4.7
SGE009,2023,14,2023-04-03,0.0,3.2,-3.2
SGE009,2023,15,2023-04-10,1.0,0.4,0.6
SGE009,2023,16,2023-04-17,1.0,1.8,-0.8
SGE009,2023,17,2023-04-24,7.0,1.7,5.3
SGE009,2023,18,2023-05-01,0.0,6.5,-6.5
SGE009,2023,19,2023-05-08,2.0,0.9,1.1
SGE009,2023,20,2023-05-15,14.0,3.1,10.9
SGE009,2023,21,2023-05-22,9.0,11.2,-2.2
SGE009,2023,22,2023-05-29,5.0,8.8,-3.8
SGE009,2023,23,2023-06-05,4.0,6.0,-2.0
SGE009,2023,24,2023-06-12,2.0,5.5,-3.5
SGE009,2023,25,2023-06-19,0.0,3.3,-3.3
SGE009,2023,26,2023-06-26,0.0,1.4,-1.4
SGE009,2023,27,2023-07-03,1.0,1.6,-0.6
SGE009,2023,28,2023-07-10,0.0,3.3,-3.3
SGE009,2023,29,2023-07-17,1.0,2.0,-1.0
SGE009,2023,30,2023-07-24,3.0,3.8,-0.8
SGE009,2023,31,2023-07-31,1.0,6.0,-5.0
SGE009,2023,32,2023-08-07,1.0,2.9,-1.9
SGE009,2023,33,2023-08-14,11.0,2.9,8.1
SGE009,2023,35,2023-08-28,8.0,10.3,-2.3
SGE009,2023,36,2023-09-04,7.0,11.0,-4.0
SGE009,2023,37,2023-09-11,13.0,7.0,6.0
SGE009,2023,38,2023-09-18,24.0,10.3,13.7
SGE009,2023,39,2023-09-25,28.0,14.6,13.4
SGE009,2023,40,2023-10-02,3.0,16.2,-13.2
SGE009,2023,41,2023-10-09,10.0,3.5,6.5
SGE009,2023,42,2023-10-16,5.0,7.6,-2.6
SGE009,2023,43,2023-10-23,1.0,5.3,-4.3
SGE009,2024,23,2024-06-03,4.0,1.6,2.4
SGE009,2024,24,2024-06-10,1.0,6.7,-5.7
SGE009,2025,17,2025-04-21,8.0,3.3,4.7
SGE009,2025,18,2025-04-28,2.0,7.1,-5.1
SGE009,2025,19,2025-05-05,1.0,2.8,-1.8
SGE009,2025,20,2025-05-12,1.0,2.0,-1.0
SGE009,2025,21,2025-05-19,11.0,2.1,8.9
SGE009,2025,22,2025-05-26,37.0,10.3,26.7
SGE009,2025,23,2025-06-02,6.0,25.6,-19.6
SGE009,2025,24,2025-06-09,8.0,8.1,-0.1
SGE009,2025,25,2025-06-16,16.0,10.5,5.5
SGE009,2025,26,2025-06-23,10.0,16.1,-6.1
SGE009,2025,27,2025-06-30,4.0,10.9,-6.9
SGE009,2025,29,2025-07-14,12.0,6.7,5.3
SGE009,2025,30,2025-07-21,27.0,13.3,13.7
SGE009-2,2023,4,2023-01-23,0.0,0.2,-0.2
SGE009-2,2023,5,2023-01-30,0.0,0.1,-0.1
SGE009-2,2023,10,2023-03-06,0.0,0.1,-0.1
SGE009-2,2023,13,2023-03-27,12.0,0.3,11.7
SGE009-2,2023,14,2023-04-03,0.0,6.0,-6.0
SGE009-2,2023,15,2023-04-10,1.0,0.4,0.6
SGE009-2,2023,16,2023-04-17,6.0,1.8,4.2
SGE009-2,2023,17,2023-04-24,5.0,5.1,-0.1
SGE009-2,2023,18,2023-05-01,1.0,5.2,-4.2
SGE009-2,2023,19,2023-05-08,1.0,1.9,-0.9
SGE009-2,2023,20,2023-05-15,30.0,2.1,27.9
SGE009-2,2023,21,2023-05-22,8.0,18.5,-10.5
SGE009-2,2023,22,2023-05-29,7.0,8.2,-1.2
SGE009-2,2023,23,2023-06-05,3.0,7.4,-4.4
SGE009-2,2023,24,2023-06-12,3.0,4.6,-1.6
SGE009-2,2023,25,2023-06-19,3.0,4.2,-1.2
SGE009-2,2023,26,2023-06-26,4.0,4.9,-0.9
SGE009-2,2023,27,2023-07-03,0.0,6.2,-6.2
SGE009-2,2023,28,2023-07-10,4.0,1.8,2.2
SGE009-2,2023,29,2023-07-17,6.0,7.3,-1.3
SGE009-2,2023,30,2023-07-24,5.0,9.7,-4.7
SGE009-2,2023,31,2023-07-31,5.0,8.1,-3.1
SGE009-2,2023,32,2023-08-07,5.0,6.8,-1.8
SGE009-2,2023,33,2023-08-14,9.0,6.8,2.2
SGE009-2,2023,35,2023-08-28,5.0,9.0,-4.0
SGE009-2,2023,36,2023-09-04,2.0,8.2,-6.2
SGE009-2,2023,37,2023-09-11,26.0,3.2,22.8
SGE009-2,2023,38,2023-09-18,9.0,16.2,-7.2
SGE009-2,2023,39,2023-09-25,5.0,7.7,-2.7
SGE009-2,2023,40,2023-10-02,0.0,5.3,-5.3
SGE009-2,2023,41,2023-10-09,1.0,0.9,0.1
SGE009-2,2023,44,2023-10-30,0.0,1.9,-1.9
SGE009-2,2023,45,2023-11-06,4.0,0.6,3.4
SGE009-2,2023,46,2023-11-13,0.0,3.2,-3.2
SGE009-2,2023,48,2023-11-27,0.0,0.5,-0.5
SGE009-2,2024,16,2024-04-15,0.0,0.2,-0.2
SGE009-2,2024,17,2024-04-22,2.0,0.9,1.1
SGE009-2,2024,18,2024-04-29,5.0,2.7,2.3
SGE009-2,2024,19,2024-05-06,33.0,5.1,27.9
SGE009-2,2024,20,2024-05-13,12.0,16.1,-4.1
SGE009-2,2024,21,2024-05-20,4.0,10.9,-6.9
SGE009-2,2024,22,2024-05-27,2.0,5.1,-3.1
SGE009-2,2024,23,2024-06-03,5.0,4.0,1.0
SGE009-2,2024,24,2024-06-10,2.0,7.7,-5.7
SGE009-2,2024,25,2024-06-17,2.0,4.6,-2.6
SGE009-2,2024,26,2024-06-24,8.0,4.4,3.6
SGE009-2,2024,27,2024-07-01,3.0,11.1,-8.1
SGE009-2,2024,28,2024-07-08,6.0,6.2,-0.2
SGE009-2,2024,29,2024-07-15,13.0,9.7,3.3
SGE009-2,2024,30,2024-07-22,10.0,14.9,-4.9
SGE009-2,2024,31,2024-07-29,2.0,12.6,-10.6
SGE009-2,2024,32,2024-08-05,2.0,4.6,-2.6
SGE009-2,2024,33,2024-08-12,2.0,4.8,-2.8
SGE009-2,2024,34,2024-08-19,1.0,5.0,-4.0
SGE009-2,2024,35,2024-08-26,5.0,2.9,2.1
SGE009-2,2024,36,2024-09-02,19.0,6.9,12.1
SGE009-2,2024,37,2024-09-09,8.0,17.4,-9.4
SGE009-2,2024,38,2024-09-16,6.0,9.2,-3.2
SGE009-2,2024,39,2024-09-23,8.0,6.4,1.6
SGE009-2,2024,40,2024-09-30,9.0,9.2,-0.2
SGE009-2,2024,41,2024-10-07,12.0,9.9,2.1
SGE009-2,2024,42,2024-10-14,40.0,11.0,29.0
SGE009-2,2024,43,2024-10-21,7.0,19.7,-12.7
SGE009-2,2025,13,2025-03-24,2.0,5.7,-3.7
SGE009-2,2025,15,2025-04-07,0.0,2.8,-2.8
SGE009-2,2025,16,2025-04-14,0.0,1.1,-1.1
SGE009-2,2025,17,2025-04-21,0.0,0.8,-0.8
SGE009-2,2025,19,2025-05-05,0.0,1.0,-1.0
SGE009-2,2025,20,2025-05-12,0.0,1.0,-1.0
SGE009-2,2025,21,2025-05-19,7.0,1.0,6.0
SGE009-2,2025,22,2025-05-26,2.0,7.7,-5.7
SGE009-2,2025,23,2025-06-02,6.0,4.2,1.8
SGE009-2,2025,24,2025-06-09,1.0,8.1,-7.1
SGE009-2,2025,25,2025-06-16,13.0,3.4,9.6
SGE009-2,2025,26,2025-06-23,10.0,14.1,-4.1
SGE009-2,2025,27,2025-06-30,22.0,10.9,11.1
SGE009-2,2025,28,2025-07-07,23.0,19.5,3.5
SGE009-2,2025,29,2025-07-14,1.0,21.6,-20.6
SGE009-2,2025,31,2025-07-28,41.0,3.3,37.7
SGE009-2,2025,32,2025-08-04,9.0,29.5,-20.5
SGE009-2,2025,33,2025-08-11,18.0,11.9,6.1
SGE009-2,2025,34,2025-08-18,16.0,17.7,-1.7
SGE009-2,2025,35,2025-08-25,8.0,16.3,-8.3
SGE010,2023,20,2023-05-15,2.0,9.8,-7.8
SGE013,2023,4,2023-01-23,0.0,0.2,-0.2
SGE013,2023,5,2023-01-30,0.0,0.1,-0.1
SGE013,2023,10,2023-03-06,0.0,0.1,-0.1
SGE013,2023,13,2023-03-27,2.0,0.3,1.7
SGE013,2023,14,2023-04-03,8.0,1.7,6.3
SGE013,2023,15,2023-04-10,5.0,4.7,0.3
SGE013,2023,16,2023-04-17,9.0,4.7,4.3
SGE013,2023,17,2023-04-24,19.0,6.6,12.4
SGE013,2023,18,2023-05-01,44.0,12.5,31.5
SGE013,2023,19,2023-05-08,36.0,20.3,15.7
SGE013,2023,20,2023-05-15,92.0,19.3,72.7
SGE013,2023,21,2023-05-22,114.0,38.4,75.6
SGE013,2023,22,2023-05-29,279.0,45.8,233.2
SGE013,2023,23,2023-06-05,170.0,80.9,89.1
SGE013,2023,24,2023-06-12,18.0,61.0,-43.0
SGE013,2023,25,2023-06-19,348.0,13.0,335.0
SGE013,2023,26,2023-06-26,573.0,101.3,471.7
SGE013,2023,27,2023-07-03,21.0,149.4,-128.4
SGE013,2023,28,2023-07-10,124.0,19.1,104.9
SGE013,2023,29,2023-07-17,33.0,63.9,-30.9
SGE013,2023,30,2023-07-24,243.0,28.3,214.7
SGE013,2023,31,2023-07-31,25.0,96.4,-71.4
SGE013,2023,32,2023-08-07,17.0,18.9,-1.9
SGE013,2023,33,2023-08-14,26.0,14.8,11.2
SGE013,2023,35,2023-08-28,93.0,17.9,75.1
SGE013,2023,36,2023-09-04,74.0,52.6,21.4
SGE013,2023,37,2023-09-11,40.0,32.3,7.7
SGE013,2023,38,2023-09-18,143.0,21.4,121.6
SGE013,2023,39,2023-09-25,203.0,46.9,156.1
SGE013,2023,40,2023-10-02,41.0,59.0,-18.0
SGE013,2023,41,2023-10-09,203.0,19.4,183.6
SGE013,2023,42,2023-10-16,226.0,54.6,171.4
SGE013,2023,43,2023-10-23,170.0,63.7,106.3
SGE013,2023,44,2023-10-30,2.0,43.2,-41.2
SGE013,2023,45,2023-11-06,83.0,2.1,80.9
SGE013,2023,46,2023-11-13,7.0,24.3,-17.3
SGE013,2023,48,2023-11-27,0.0,4.5,-4.5
SGE013,2023,49,2023-12-04,5.0,0.2,4.8
SGE013,2023,50,2023-12-11,1.0,3.0,-2.0
SGE013,2024,5,2024-01-29,33.0,0.9,32.1
SGE013,2024,6,2024-02-12,6.0,11.3,-5.3
SGE013,2024,9,2024-02-26,0.0,3.3,-3.3
SGE013,2024,10,2024-03-04,2.0,0.5,1.5
SGE013,2024,11,2024-03-11,3.0,1.8,1.2
SGE013,2024,12,2024-03-18,5.0,2.4,2.6
SGE013,2024,13,2024-03-25,4.0,3.9,0.1
SGE013,2024,14,2024-04-01,8.0,3.3,4.7
SGE013,2024,15,2024-04-08,2.0,5.0,-3.0
SGE013,2024,16,2024-04-15,23.0,2.6,20.4
SGE013,2024,17,2024-04-22,60.0,13.5,46.5
SGE013,2024,18,2024-04-29,80.0,24.7,55.3
SGE013,2024,19,2024-05-06,42.0,31.2,10.8
SGE013,2024,20,2024-05-13,104.0,18.8,85.2
SGE013,2024,21,2024-05-20,61.0,44.3,16.7
SGE013,2024,22,2024-05-27,51.0,29.6,21.4
SGE013,2024,23,2024-06-03,25.0,30.2,-5.2
SGE013,2024,24,2024-06-10,13.0,21.2,-8.2
SGE013,2024,25,2024-06-17,7.0,14.0,-7.0
SGE013,2024,26,2024-06-24,4.0,9.0,-5.0
SGE013,2024,27,2024-07-01,5.0,7.3,-2.3
SGE013,2024,28,2024-07-08,2.0,8.4,-6.4
SGE013,2024,29,2024-07-15,9.0,5.2,3.8
SGE013,2024,30,2024-07-22,0.0,11.8,-11.8
SGE013,2024,31,2024-07-29,4.0,1.9,2.1
SGE013,2024,32,2024-08-05,10.0,6.8,3.2
SGE013,2024,33,2024-08-12,9.0,12.3,-3.3
SGE013,2024,34,2024-08-19,19.0,12.0,7.0
SGE013,2024,35,2024-08-26,2.0,16.1,-14.1
SGE013,2024,36,2024-09-02,10.0,4.1,5.9
SGE013,2024,37,2024-09-09,12.0,11.5,0.5
SGE013,2024,38,2024-09-16,11.0,11.9,-0.9
SGE013,2024,39,2024-09-23,17.0,9.5,7.5
SGE013,2024,40,2024-09-30,13.0,14.9,-1.9
SGE013,2024,41,2024-10-07,12.0,12.6,-0.6
SGE013,2024,42,2024-10-14,13.0,11.0,2.0
SGE013,2024,43,2024-10-21,3.0,9.4,-6.4
SGE013,2025,13,2025-03-24,5.0,3.3,1.7
SGE013,2025,15,2025-04-07,5.0,4.9,0.1
SGE013,2025,16,2025-04-14,10.0,5.5,4.5
SGE013,2025,17,2025-04-21,7.0,7.4,-0.4
SGE013,2025,18,2025-04-28,2.0,6.5,-4.5
SGE013,2025,20,2025-05-12,10.0,2.8,7.2
SGE013,2025,21,2025-05-19,13.0,8.2,4.8
SGE013,2025,22,2025-05-26,14.0,11.5,2.5
SGE013,2025,23,2025-06-02,25.0,13.7,11.3
SGE013,2025,24,2025-06-09,43.0,20.2,22.8
SGE013,2025,25,2025-06-16,29.0,30.7,-1.7
SGE013,2025,26,2025-06-23,28.0,23.5,4.5
SGE013,2025,27,2025-06-30,27.0,21.2,5.8
SGE013,2025,28,2025-07-07,20.0,22.2,-2.2
SGE013,2025,29,2025-07-14,45.0,19.7,25.3
SGE013,2025,30,2025-07-21,16.0,31.2,-15.2
SGE013,2025,31,2025-07-28,22.0,15.3,6.7
SGE013,2025,32,2025-08-04,16.0,19.7,-3.7
SGE013,2025,33,2025-08-11,3.0,17.1,-14.1
SGE013,2025,34,2025-08-18,21.0,5.9,15.1
SGE013,2025,35,2025-08-25,3.0,19.3,-16.3
SGE014,2023,4,2023-01-23,0.0,0.2,-0.2
SGE014,2023,5,2023-01-30,0.0,0.1,-0.1
SGE014,2023,10,2023-03-06,0.0,0.1,-0.1
SGE014,2023,13,2023-03-27,1.0,0.3,0.7
SGE014,2023,14,2023-04-03,1.0,1.1,-0.1
SGE014,2023,15,2023-04-10,3.0,1.2,1.8
SGE014,2023,16,2023-04-17,0.0,3.4,-3.4
SGE014,2023,17,2023-04-24,3.0,0.8,2.2
SGE014,2023,18,2023-05-01,5.0,3.8,1.2
SGE014,2023,19,2023-05-08,0.0,4.9,-4.9
SGE014,2023,20,2023-05-15,21.0,1.0,20.0
SGE014,2023,21,2023-05-22,24.0,14.6,9.4
SGE014,2023,22,2023-05-29,29.0,16.6,12.4
SGE014,2023,23,2023-06-05,7.0,18.6,-11.6
SGE014,2023,24,2023-06-12,5.0,7.7,-2.7
SGE014,2023,25,2023-06-19,26.0,5.7,20.3
SGE014,2023,26,2023-06-26,42.0,18.9,23.1
SGE014,2023,27,2023-07-03,83.0,27.7,55.3
SGE014,2023,28,2023-07-10,78.0,46.5,31.5
SGE014,2023,29,2023-07-17,21.0,47.4,-26.4
SGE014,2023,30,2023-07-24,44.0,21.2,22.8
SGE014,2023,31,2023-07-31,7.0,32.0,-25.0
SGE014,2023,32,2023-08-07,32.0,8.4,23.6
SGE014,2023,33,2023-08-14,63.0,22.3,40.7
SGE014,2023,35,2023-08-28,36.0,31.9,4.1
SGE014,2023,36,2023-09-04,26.0,28.5,-2.5
SGE014,2023,37,2023-09-11,104.0,16.3,87.7
SGE014,2023,38,2023-09-18,63.0,39.9,23.1
SGE014,2023,39,2023-09-25,42.0,27.5,14.5
SGE014,2023,40,2023-10-02,23.0,21.2,1.8
SGE014,2023,41,2023-10-09,23.0,13.2,9.8
SGE014,2023,42,2023-10-16,11.0,13.1,-2.1
SGE014,2023,43,2023-10-23,4.0,8.9,-4.9
SGE014,2023,44,2023-10-30,0.0,3.6,-3.6
SGE014,2023,45,2023-11-06,1.0,0.6,0.4
SGE014,2023,46,2023-11-13,2.0,1.3,0.7
SGE014,2023,48,2023-11-27,0.0,2.0,-2.0
SGE014,2024,10,2024-03-04,2.0,0.2,1.8
SGE014,2024,11,2024-03-11,0.0,1.8,-1.8
SGE014,2024,12,2024-03-18,2.0,0.4,1.6
SGE014,2024,13,2024-03-25,0.0,2.1,-2.1
SGE014,2024,14,2024-04-01,6.0,0.5,5.5
SGE014,2024,15,2024-04-08,0.0,4.1,-4.1
SGE014,2024,16,2024-04-15,5.0,0.8,4.2
SGE014,2024,17,2024-04-22,7.0,5.0,2.0
SGE014,2024,18,2024-04-29,11.0,6.0,5.0
SGE014,2024,19,2024-05-06,3.0,8.5,-5.5
SGE014,2024,20,2024-05-13,22.0,3.3,18.7
SGE014,2024,21,2024-05-20,38.0,16.2,21.8
SGE014,2024,22,2024-05-27,16.0,21.7,-5.7
SGE014,2024,23,2024-06-03,4.0,14.2,-10.2
SGE014,2024,24,2024-06-10,30.0,6.7,23.3
SGE014,2024,25,2024-06-17,49.0,23.9,25.1
SGE014,2024,26,2024-06-24,27.0,31.4,-4.4
SGE014,2024,27,2024-07-01,21.0,24.1,-3.1
SGE014,2024,28,2024-07-08,24.0,20.5,3.5
SGE014,2024,29,2024-07-15,1.0,23.1,-22.1
SGE014,2024,30,2024-07-22,0.0,3.6,-3.6
SGE014,2024,31,2024-07-29,4.0,1.9,2.1
SGE014,2024,32,2024-08-05,5.0,6.8,-1.8
SGE014,2024,33,2024-08-12,5.0,8.0,-3.0
SGE014,2024,34,2024-08-19,1.0,8.4,-7.4
SGE014,2024,35,2024-08-26,4.0,2.9,1.1
SGE014,2024,36,2024-09-02,9.0,6.1,2.9
SGE014,2024,37,2024-09-09,11.0,10.8,0.2
SGE014,2024,38,2024-09-16,7.0,11.2,-4.2
SGE014,2024,39,2024-09-23,14.0,7.1,6.9
SGE014,2024,40,2024-09-30,6.0,13.1,-7.1
SGE014,2024,41,2024-10-07,21.0,7.7,13.3
SGE014,2024,42,2024-10-14,10.0,15.8,-5.8
SGE014,2024,43,2024-10-21,3.0,7.9,-4.9
SGE014,2025,18,2025-04-28,5.0,3.3,1.7
SGE014,2025,20,2025-05-12,14.0,5.0,9.0
SGE014,2025,21,2025-05-19,2.0,10.2,-8.2
SGE014,2025,22,2025-05-26,4.0,3.7,0.3
SGE014,2025,23,2025-06-02,3.0,6.3,-3.3
SGE014,2025,24,2025-06-09,6.0,5.4,0.6
SGE014,2025,25,2025-06-16,12.0,8.8,3.2
SGE014,2025,26,2025-06-23,7.0,13.4,-6.4
SGE014,2025,27,2025-06-30,9.0,8.7,0.3
SGE014,2025,28,2025-07-07,6.0,11.0,-5.0
SGE014,2025,29,2025-07-14,5.0,9.3,-4.3
SGE014,2025,31,2025-07-28,1.0,7.7,-6.7
SGE014,2025,32,2025-08-04,1.0,3.3,-2.3
SGE014,2025,33,2025-08-11,3.0,3.6,-0.6
SGE014,2025,34,2025-08-18,84.0,5.9,78.1
SGE014,2025,35,2025-08-25,12.0,47.3,-35.3
SGE015,2023,20,2023-05-15,3.0,14.0,-11.0
SGE015,2023,21,2023-05-22,5.0,4.3,0.7
SGE015,2023,22,2023-05-29,7.0,6.1,0.9
SGE015,2023,23,2023-06-05,6.0,7.4,-1.4
SGE015,2023,24,2023-06-12,5.0,7.0,-2.0
SGE015,2023,25,2023-06-19,29.0,5.7,23.3
SGE015,2023,26,2023-06-26,15.0,20.3,-5.3
SGE015,2023,27,2023-07-03,12.0,14.2,-2.2
SGE015,2023,28,2023-07-10,19.0,13.4,5.6
SGE015,2023,29,2023-07-17,33.0,19.1,13.9
SGE015,2023,30,2023-07-24,49.0,28.3,20.7
SGE015,2023,31,2023-07-31,15.0,34.3,-19.3
SGE015,2023,32,2023-08-07,18.0,13.6,4.4
SGE015,2023,33,2023-08-14,13.0,15.4,-2.4
SGE015,2023,35,2023-08-28,8.0,11.4,-3.4
SGE015,2023,36,2023-09-04,2.0,11.0,-9.0
SGE015,2023,37,2023-09-11,5.0,3.2,1.8
SGE015,2023,38,2023-09-18,46.0,5.6,40.4
SGE015,2023,39,2023-09-25,36.0,22.4,13.6
SGE015,2024,23,2024-06-03,0.0,19.1,-19.1
SGE015,2024,24,2024-06-10,5.0,1.8,3.2
SGE015,2024,26,2024-06-24,1.0,7.7,-6.7
SGE015,2024,27,2024-07-01,14.0,3.6,10.4
SGE015,2024,28,2024-07-08,28.0,15.8,12.2
SGE015,2024,29,2024-07-15,9.0,25.5,-16.5
SGE015,2024,30,2024-07-22,8.0,11.8,-3.8
SGE015,2024,31,2024-07-29,6.0,10.9,-4.9
SGE015,2024,32,2024-08-05,6.0,8.7,-2.7
SGE015,2024,33,2024-08-12,3.0,8.9,-5.9
SGE015,2024,34,2024-08-19,2.0,6.3,-4.3
SGE015,2024,35,2024-08-26,10.0,4.1,5.9
SGE015,2024,37,2024-09-09,23.0,10.7,12.3
SGE015,2024,38,2024-09-16,0.0,18.1,-18.1
SGE015,2024,39,2024-09-23,4.0,1.1,2.9
SGE015,2024,40,2024-09-30,0.0,6.0,-6.0
SGE015,2025,18,2025-04-28,2.0,1.5,0.5
SGE015,2025,20,2025-05-12,0.0,2.8,-2.8
SGE015,2025,21,2025-05-19,1.0,1.0,0.0
SGE015,2025,23,2025-06-02,12.0,2.6,9.4
SGE015,2025,24,2025-06-09,10.0,12.6,-2.6
SGE015,2025,25,2025-06-16,21.0,12.1,8.9
SGE015,2025,26,2025-06-23,13.0,19.1,-6.1
SGE015,2025,27,2025-06-30,18.0,12.9,5.1
SGE015,2025,28,2025-07-07,10.0,17.1,-7.1
SGE015,2025,29,2025-07-14,6.0,12.7,-6.7
SGE015,2025,30,2025-07-21,9.0,8.7,0.3
SGE015,2025,31,2025-07-28,17.0,10.6,6.4
SGE015,2025,32,2025-08-04,7.0,16.7,-9.7
SGE015,2025,33,2025-08-11,6.0,10.2,-4.2
SGE015,2025,34,2025-08-18,6.0,8.9,-2.9
SGE015,2025,35,2025-08-25,13.0,8.8,4.2
SGE016,2023,20,2023-05-15,14.0,8.3,5.7
SGE016,2023,21,2023-05-22,28.0,11.2,16.8
SGE016,2023,22,2023-05-29,10.0,18.4,-8.4
SGE016,2023,23,2023-06-05,32.0,9.3,22.7
SGE016,2023,24,2023-06-12,5.0,20.6,-15.6
SGE016,2023,25,2023-06-19,21.0,5.7,15.3
SGE016,2023,26,2023-06-26,34.0,16.5,17.5
SGE016,2023,27,2023-07-03,54.0,24.1,29.9
SGE016,2023,28,2023-07-10,59.0,35.2,23.8
SGE016,2023,29,2023-07-17,66.0,39.6,26.4
SGE016,2023,30,2023-07-24,44.0,44.3,-0.3
SGE016,2023,31,2023-07-31,19.0,32.0,-13.0
SGE016,2023,32,2023-08-07,49.0,15.8,33.2
SGE016,2023,33,2023-08-14,84.0,29.5,54.5
SGE016,2023,35,2023-08-28,18.0,38.4,-20.4
SGE016,2023,36,2023-09-04,14.0,18.3,-4.3
SGE016,2023,37,2023-09-11,15.0,10.9,4.1
SGE016,2023,38,2023-09-18,20.0,11.3,8.7
SGE016,2023,39,2023-09-25,16.0,13.0,3.0
SGE016,2024,23,2024-06-03,11.0,11.2,-0.2
SGE016,2024,24,2024-06-10,13.0,12.5,0.5
SGE016,2024,25,2024-06-17,14.0,14.0,0.0
SGE016,2024,26,2024-06-24,6.0,14.0,-8.0
SGE016,2024,27,2024-07-01,7.0,9.3,-2.3
SGE016,2024,28,2024-07-08,19.0,10.3,8.7
SGE016,2024,29,2024-07-15,18.0,19.9,-1.9
SGE016,2024,30,2024-07-22,17.0,18.3,-1.3
SGE016,2024,31,2024-07-29,15.0,17.6,-2.6
SGE016,2024,32,2024-08-05,20.0,15.4,4.6
SGE016,2024,33,2024-08-12,15.0,19.0,-4.0
SGE016,2024,34,2024-08-19,15.0,16.6,-1.6
SGE016,2024,35,2024-08-26,3.0,13.8,-10.8
SGE016,2024,36,2024-09-02,9.0,5.1,3.9
SGE016,2024,37,2024-09-09,16.0,10.8,5.2
SGE016,2024,38,2024-09-16,3.0,14.3,-11.3
SGE016,2024,39,2024-09-23,15.0,4.2,10.8
SGE016,2024,40,2024-09-30,10.0,13.7,-3.7
SGE016,2024,41,2024-10-07,11.0,10.6,0.4
SGE016,2024,42,2024-10-14,10.0,10.4,-0.4
SGE016,2024,43,2024-10-21,4.0,7.9,-3.9
SGE016,2025,18,2025-04-28,0.0,3.9,-3.9
SGE016,2025,20,2025-05-12,4.0,0.9,3.1
SGE016,2025,21,2025-05-19,5.0,4.6,0.4
SGE016,2025,22,2025-05-26,7.0,6.3,0.7
SGE016,2025,23,2025-06-02,3.0,8.8,-5.8
SGE016,2025,24,2025-06-09,2.0,5.4,-3.4
SGE016,2025,25,2025-06-16,15.0,4.7,10.3
SGE016,2025,26,2025-06-23,14.0,15.4,-1.4
SGE016,2025,27,2025-06-30,4.0,13.6,-9.6
SGE016,2025,28,2025-07-07,8.0,6.7,1.3
SGE016,2025,29,2025-07-14,8.0,11.1,-3.1
SGE016,2025,31,2025-07-28,13.0,10.3,2.7
SGE016,2025,32,2025-08-04,7.0,14.1,-7.1
SGE016,2025,33,2025-08-11,8.0,10.2,-2.2
SGE016,2025,34,2025-08-18,1.0,10.6,-9.6
SGE017,2023,4,2023-01-23,1.0,0.2,0.8
SGE017,2023,5,2023-01-30,0.0,0.7,-0.7
SGE017,2023,10,2023-03-06,3.0,0.1,2.9
SGE017,2023,13,2023-03-27,18.0,2.2,15.8
SGE017,2023,14,2023-04-03,8.0,7.9,0.1
SGE017,2023,15,2023-04-10,29.0,4.7,24.3
SGE017,2023,16,2023-04-17,117.0,15.0,102.0
SGE017,2023,17,2023-04-24,59.0,36.0,23.0
SGE017,2023,18,2023-05-01,13.0,26.2,-13.2
SGE017,2023,19,2023-05-08,16.0,9.1,6.9
SGE017,2023,20,2023-05-15,45.0,11.3,33.7
SGE017,2023,21,2023-05-22,175.0,24.1,150.9
SGE017,2023,22,2023-05-29,276.0,60.5,215.5
SGE017,2023,23,2023-06-05,373.0,80.4,292.6
SGE017,2023,24,2023-06-12,20.0,101.3,-81.3
SGE017,2023,25,2023-06-19,127.0,13.9,113.1
SGE017,2023,26,2023-06-26,141.0,52.9,88.1
SGE017,2023,27,2023-07-03,101.0,60.5,40.5
SGE017,2023,28,2023-07-10,109.0,52.8,56.2
SGE017,2023,29,2023-07-17,504.0,58.8,445.2
SGE017,2023,30,2023-07-24,234.0,163.9,70.1
SGE017,2023,31,2023-07-31,297.0,94.1,202.9
SGE017,2023,32,2023-08-07,122.0,93.8,28.2
SGE017,2023,33,2023-08-14,286.0,53.2,232.8
SGE017,2023,34,2023-08-21,30.0,84.8,-54.8
SGE017,2023,35,2023-08-28,289.0,20.8,268.2
SGE017,2023,36,2023-09-04,194.0,109.3,84.7
SGE017,2023,37,2023-09-11,269.0,60.4,208.6
SGE017,2023,38,2023-09-18,485.0,73.9,411.1
SGE017,2023,39,2023-09-25,190.0,103.4,86.6
SGE017,2023,40,2023-10-02,192.0,56.5,135.5
SGE017,2023,41,2023-10-09,80.0,53.1,26.9
SGE017,2023,42,2023-10-16,105.0,29.8,75.2
SGE017,2023,43,2023-10-23,22.0,38.8,-16.8
SGE017,2023,44,2023-10-30,2.0,11.2,-9.2
SGE017,2023,45,2023-11-06,45.0,2.1,42.9
SGE017,2023,46,2023-11-13,15.0,16.2,-1.2
SGE017,2023,48,2023-11-27,0.0,7.6,-7.6
SGE017,2023,49,2023-12-04,0.0,0.2,-0.2
SGE017,2023,50,2023-12-11,0.0,0.3,-0.3
SGE017,2024,5,2024-01-29,6.0,0.2,5.8
SGE017,2024,6,2024-02-12,9.0,3.5,5.5
SGE017,2024,9,2024-02-26,33.0,4.5,28.5
SGE017,2024,10,2024-03-04,308.0,13.3,294.7
SGE017,2024,11,2024-03-11,144.0,54.0,90.0
SGE017,2024,12,2024-03-18,463.0,32.7,430.3
SGE017,2024,13,2024-03-25,160.0,77.8,82.2
SGE017,2024,14,2024-04-01,413.0,38.4,374.6
SGE017,2024,15,2024-04-08,111.0,68.7,42.3
SGE017,2024,16,2024-04-15,929.0,35.4,893.6
SGE017,2024,17,2024-04-22,535.0,149.1,385.9
SGE017,2024,18,2024-04-29,261.0,102.4,158.6
SGE017,2024,19,2024-05-06,483.0,67.2,415.8
SGE017,2024,20,2024-05-13,685.0,92.3,592.7
SGE017,2024,21,2024-05-20,575.0,149.6,425.4
SGE017,2024,22,2024-05-27,195.0,126.3,68.7
SGE017,2024,23,2024-06-03,236.0,71.9,164.1
SGE017,2024,24,2024-06-10,89.0,90.1,-1.1
SGE017,2024,25,2024-06-17,79.0,48.2,30.8
SGE017,2024,26,2024-06-24,144.0,42.7,101.3
SGE017,2024,27,2024-07-01,275.0,70.9,204.1
SGE017,2024,28,2024-07-08,324.0,107.5,216.5
SGE017,2024,29,2024-07-15,54.0,123.2,-69.2
SGE017,2024,30,2024-07-22,66.0,37.1,28.9
SGE017,2024,31,2024-07-29,117.0,42.1,74.9
SGE017,2024,32,2024-08-05,55.0,58.0,-3.0
SGE017,2024,33,2024-08-12,157.0,36.5,120.5
SGE017,2024,34,2024-08-19,78.0,75.3,2.7
SGE017,2024,35,2024-08-26,324.0,40.2,283.8
SGE017,2024,36,2024-09-02,60.0,100.9,-40.9
SGE017,2024,37,2024-09-09,126.0,36.5,89.5
SGE017,2024,38,2024-09-16,135.0,54.3,80.7
SGE017,2024,39,2024-09-23,85.0,48.6,36.4
SGE017,2024,40,2024-09-30,1.0,42.1,-41.1
SGE017,2024,41,2024-10-07,20.0,2.9,17.1
SGE017,2024,42,2024-10-14,48.0,15.3,32.7
SGE017,2024,43,2024-10-21,30.0,22.2,7.8
SGE017,2024,45,2024-11-04,5.0,14.8,-9.8
SGE017,2024,46,2024-11-11,9.0,3.3,5.7
SGE017,2024,47,2024-11-18,0.0,4.9,-4.9
SGE017,2025,4,2025-01-20,0.0,0.4,-0.4
SGE017,2025,7,2025-02-10,0.0,0.2,-0.2
SGE017,2025,8,2025-02-17,5.0,0.2,4.8
SGE017,2025,9,2025-02-24,11.0,3.4,7.6
SGE017,2025,10,2025-03-03,6.0,7.1,-1.1
SGE017,2025,11,2025-03-10,8.0,3.6,4.4
SGE017,2025,12,2025-03-17,61.0,4.6,56.4
SGE017,2025,13,2025-03-24,103.0,20.6,82.4
SGE017,2025,15,2025-04-07,49.0,35.3,13.7
SGE017,2025,16,2025-04-14,28.0,24.2,3.8
SGE017,2025,17,2025-04-21,7.0,14.6,-7.6
SGE017,2025,18,2025-04-28,19.0,6.5,12.5
SGE017,2025,19,2025-05-05,63.0,12.0,51.0
SGE017,2025,20,2025-05-12,40.0,26.9,13.1
SGE017,2025,21,2025-05-19,25.0,20.4,4.6
SGE017,2025,22,2025-05-26,154.0,17.5,136.5
SGE017,2025,23,2025-06-02,64.0,64.4,-0.4
SGE017,2025,24,2025-06-09,97.0,37.1,59.9
SGE017,2025,25,2025-06-16,246.0,52.0,194.0
SGE017,2025,26,2025-06-23,341.0,93.5,247.5
SGE017,2025,27,2025-06-30,76.0,106.6,-30.6
SGE017,2025,28,2025-07-07,104.0,43.4,60.6
SGE017,2025,29,2025-07-14,205.0,57.1,147.9
SGE017,2025,30,2025-07-21,132.0,83.0,49.0
SGE017,2025,31,2025-07-28,86.0,59.6,26.4
SGE017,2025,32,2025-08-04,15.0,47.6,-32.6
SGE017,2025,33,2025-08-11,35.0,16.4,18.6
SGE017,2025,34,2025-08-18,94.0,27.1,66.9
SGE017,2025,35,2025-08-25,143.0,50.9,92.1
SGE017-EX,2023,15,2023-04-10,89.0,158.2,-69.2
SGE017-EX,2024,19,2024-05-06,208.0,31.3,176.7
SGE017-EX,2024,22,2024-05-27,958.0,53.5,904.5
SGE017-EX,2025,13,2025-03-24,170.0,200.2,-30.2
SGE018,2023,21,2023-05-22,36.0,13.4,22.6
SGE018,2023,22,2023-05-29,20.0,21.7,-1.7
SGE018,2023,23,2023-06-05,33.0,14.6,18.4
SGE018,2023,24,2023-06-12,18.0,21.1,-3.1
SGE018,2023,25,2023-06-19,23.0,13.0,10.0
SGE018,2023,26,2023-06-26,29.0,17.5,11.5
SGE018,2023,27,2023-07-03,17.0,21.8,-4.8
SGE018,2023,28,2023-07-10,60.0,16.7,43.3
SGE018,2023,29,2023-07-17,39.0,40.0,-1.0
SGE018,2023,30,2023-07-24,46.0,31.6,14.4
SGE018,2023,31,2023-07-31,1.0,33.0,-32.0
SGE018,2023,32,2023-08-07,10.0,2.9,7.1
SGE018,2023,33,2023-08-14,14.0,10.6,3.4
SGE018,2023,35,2023-08-28,5.0,12.0,-7.0
SGE018,2023,36,2023-09-04,8.0,8.2,-0.2
SGE018,2023,37,2023-09-11,33.0,7.6,25.4
SGE018,2023,38,2023-09-18,54.0,18.9,35.1
SGE018,2023,39,2023-09-25,32.0,24.9,7.1
SGE018,2023,40,2023-10-02,9.0,17.7,-8.7
SGE018,2023,41,2023-10-09,28.0,7.1,20.9
SGE018,2023,43,2023-10-23,4.0,15.0,-11.0
SGE018,2023,44,2023-10-30,0.0,3.6,-3.6
SGE018,2023,45,2023-11-06,1.0,0.6,0.4
SGE018,2023,46,2023-11-13,0.0,1.3,-1.3
SGE018,2023,48,2023-11-27,0.0,0.5,-0.5
SGE018,2024,23,2024-06-03,9.0,0.2,8.8
SGE018,2024,24,2024-06-10,19.0,11.0,8.0
SGE018,2024,25,2024-06-17,15.0,17.8,-2.8
SGE018,2024,26,2024-06-24,172.0,14.6,157.4
SGE018,2024,27,2024-07-01,139.0,79.5,59.5
SGE018,2024,28,2024-07-08,60.0,69.3,-9.3
SGE018,2024,29,2024-07-15,245.0,41.6,203.4
SGE018,2024,30,2024-07-22,28.0,98.3,-70.3
SGE018,2024,31,2024-07-29,9.0,24.2,-15.2
SGE018,2024,32,2024-08-05,51.0,11.2,39.8
SGE018,2024,33,2024-08-12,12.0,34.8,-22.8
SGE018,2024,34,2024-08-19,4.0,14.4,-10.4
SGE018,2024,35,2024-08-26,5.0,6.0,-1.0
SGE018,2024,36,2024-09-02,32.0,6.9,25.1
SGE018,2024,37,2024-09-09,36.0,24.3,11.7
SGE018,2024,38,2024-09-16,14.0,24.1,-10.1
SGE018,2024,39,2024-09-23,35.0,11.1,23.9
SGE018,2024,40,2024-09-30,3.0,23.7,-20.7
SGE018,2025,18,2025-04-28,6.0,5.1,0.9
SGE018,2025,20,2025-05-12,7.0,5.6,1.4
SGE018,2025,21,2025-05-19,9.0,6.5,2.5
SGE018,2025,22,2025-05-26,7.0,9.1,-2.1
SGE018,2025,23,2025-06-02,0.0,8.8,-8.8
SGE018,2025,24,2025-06-09,2.0,1.6,0.4
SGE018,2025,25,2025-06-16,1.0,4.7,-3.7
SGE018,2025,26,2025-06-23,0.0,3.3,-3.3
SGE018,2025,27,2025-06-30,0.0,1.6,-1.6
SGE018,2025,28,2025-07-07,1.0,1.8,-0.8
SGE018,2025,29,2025-07-14,1.0,3.6,-2.6
SGE018,2025,31,2025-07-28,6.0,3.3,2.7
SGE018,2025,32,2025-08-04,0.0,8.7,-8.7
SGE018,2025,33,2025-08-11,2.0,2.0,0.0
SGE018,2025,34,2025-08-18,0.0,4.7,-4.7
SGE018,2025,35,2025-08-25,7.0,1.8,5.2
SPR002,2023,20,2023-05-15,21.0,6.5,14.5
SPR002,2023,21,2023-05-22,15.0,14.6,0.4
SPR002,2023,22,2023-05-29,2.0,12.3,-10.3
SPR002,2023,23,2023-06-05,18.0,3.5,14.5
SPR002,2023,24,2023-06-12,1.0,14.2,-13.2
SPR002,2023,25,2023-06-19,11.0,2.3,8.7
SPR002,2023,26,2023-06-26,25.0,10.8,14.2
SPR002,2023,27,2023-07-03,49.0,19.8,29.2
SPR002,2023,28,2023-07-10,87.0,33.1,53.9
SPR002,2023,29,2023-07-17,173.0,50.9,122.1
SPR002,2023,30,2023-07-24,37.0,82.4,-45.4
SPR002,2023,31,2023-07-31,13.0,28.6,-15.6
SPR002,2023,32,2023-08-07,17.0,12.4,4.6
SPR002,2023,33,2023-08-14,39.0,14.8,24.2
SPR002,2023,35,2023-08-28,27.0,23.3,3.7
SPR002,2023,36,2023-09-04,28.0,23.7,4.3
SPR002,2023,37,2023-09-11,18.0,17.1,0.9
SPR002,2023,38,2023-09-18,18.0,12.7,5.3
SPR002,2023,39,2023-09-25,14.0,12.1,1.9
SPR002,2023,40,2023-10-02,0.0,10.3,-10.3
SPR002,2023,41,2023-10-09,5.0,0.9,4.1
SPR002,2023,42,2023-10-16,3.0,4.8,-1.8
SPR002,2023,43,2023-10-23,3.0,3.9,-0.9
SPR002,2024,17,2024-04-22,7.0,3.0,4.0
SPR002,2024,18,2024-04-29,1.0,6.0,-5.0
SPR002,2024,20,2024-05-13,5.0,2.0,3.0
SPR002,2024,21,2024-05-20,2.0,6.3,-4.3
SPR002,2024,22,2024-05-27,3.0,3.4,-0.4
SPR002,2024,23,2024-06-03,14.0,5.0,9.0
SPR002,2024,24,2024-06-10,10.0,14.6,-4.6
SPR002,2024,25,2024-06-17,6.0,11.8,-5.8
SPR002,2024,26,2024-06-24,14.0,8.2,5.8
SPR002,2024,27,2024-07-01,16.0,15.8,0.2
SPR002,2024,28,2024-07-08,13.0,17.2,-4.2
SPR002,2024,29,2024-07-15,10.0,15.6,-5.6
SPR002,2024,30,2024-07-22,14.0,12.6,1.4
SPR002,2024,31,2024-07-29,10.0,15.5,-5.5
SPR002,2024,32,2024-08-05,13.0,11.9,1.1
SPR002,2024,33,2024-08-12,4.0,14.5,-10.5
SPR002,2024,34,2024-08-19,7.0,7.4,-0.4
SPR002,2024,35,2024-08-26,8.0,8.5,-0.5
SPR002,2024,36,2024-09-02,11.0,9.3,1.7
SPR002,2024,37,2024-09-09,21.0,12.3,8.7
SPR002,2024,38,2024-09-16,13.0,17.0,-4.0
SPR002,2024,39,2024-09-23,19.0,10.6,8.4
SPR002,2024,40,2024-09-30,29.0,16.0,13.0
SPR002,2024,41,2024-10-07,13.0,21.1,-8.1
SPR002,2024,42,2024-10-14,9.0,11.6,-2.6
SPR002,2024,43,2024-10-21,1.0,7.4,-6.4
SPR002,2025,20,2025-05-12,4.0,1.7,2.3
SPR002,2025,21,2025-05-19,2.0,4.6,-2.6
SPR002,2025,22,2025-05-26,8.0,3.7,4.3
SPR002,2025,23,2025-06-02,5.0,9.6,-4.6
SPR002,2025,24,2025-06-09,3.0,7.3,-4.3
SPR002,2025,25,2025-06-16,216.0,5.8,210.2
SPR002,2025,26,2025-06-23,8.0,86.0,-78.0
SPR002,2025,27,2025-06-30,14.0,9.5,4.5
SPR002,2025,28,2025-07-07,11.0,14.6,-3.6
SPR002,2025,29,2025-07-14,12.0,13.5,-1.5
SPR002,2025,30,2025-07-21,6.0,13.3,-7.3
SPR002,2025,31,2025-07-28,4.0,8.2,-4.2
SPR002,2025,32,2025-08-04,7.0,6.8,0.2
SPR002,2025,33,2025-08-11,10.0,10.2,-0.2
SPR002,2025,34,2025-08-18,5.0,12.2,-7.2
SPR002,2025,35,2025-08-25,10.0,7.9,2.1
SR 176 Shadow Point Lori Jennings,2024,41,2024-10-07,18.0,23.4,-5.4
SR 176 Shadow Point Lori Jennings,2024,42,2024-10-14,17.0,14.3,2.7
SR 176 Shadow Pt. Lori,2024,39,2024-09-23,24.0,12.1,11.9
SR 54 Shadow Mtn. Brown,2024,39,2024-09-23,45.0,22.0,23.0
SR 54 Shadow Pt. Brooke Brown,2024,41,2024-10-07,22.0,30.4,-8.4
SR 54 Shadow Pt. Brooke Brown,2024,42,2024-10-14,64.0,16.3,47.7
SR 545 E 200 S Evelyn,2024,40,2024-09-30,31.0,18.6,12.4
SR 545 E 200 S Evelyn,2024,41,2024-10-07,44.0,22.0,22.0
SR 545 E 200 S Evelyn,2024,42,2024-10-14,21.0,25.6,-4.6
SR-1042 W. 100 N. Shadow MTN,2024,36,2024-09-02,8.0,6.9,1.1
SR-159 Shadow Pt,2024,35,2024-08-26,12.0,23.0,-11.0
SR-176 Shadow Pt,2024,30,2024-07-22,29.0,8.4,20.6
SR-176 Shadow Pt,2024,31,2024-07-29,63.0,24.8,38.2
SR-176 Shadow Pt,2024,32,2024-08-05,57.0,38.9,18.1
SR-176 Shadow Pt,2024,33,2024-08-12,58.0,37.4,20.6
SR-176 Shadow Pt,2024,34,2024-08-19,70.0,39.6,30.4
SR-176 Shadow Pt,2024,36,2024-09-02,166.0,37.5,128.5
SR-176 Shadow Pt,2024,37,2024-09-09,79.0,70.5,8.5
SR-54 Shadow Mtn,2024,29,2024-07-15,36.0,43.4,-7.4
SR-54 Shadow Mtn,2024,31,2024-07-29,31.0,28.5,2.5
SR-54 Shadow Mtn,2024,32,2024-08-05,292.0,24.6,267.4
SR-54 Shadow Mtn,2024,33,2024-08-12,99.0,107.2,-8.2
SR-54 Shadow Mtn,2024,34,2024-08-19,115.0,55.9,59.1
SR-54 Shadow Mtn,2024,36,2024-09-02,210.0,51.7,158.3
SR-54 Shadow Mtn,2024,37,2024-09-09,137.0,82.0,55.0
SR-54 Shadow Mtn,2024,38,2024-09-16,60.0,57.4,2.6
SR-545 E 200 S,2024,37,2024-09-09,21.0,15.6,5.4
SR-545 E 200 S,2024,38,2024-09-16,47.0,17.0,30.0
SR-Judy's Pond,2025,26,2025-06-23,51.0,33.9,17.1
SR-Shargri La,2025,34,2025-08-18,0.0,1.8,-1.8
TOQ001,2023,20,2023-05-15,6.0,6.3,-0.3
TOQ001,2023,21,2023-05-22,3.0,6.5,-3.5
TOQ002,2024,27,2024-07-01,1.0,1.9,-0.9
TOQ002,2024,35,2024-08-26,3.0,3.6,-0.6
TOQ002,2025,30,2025-07-21,0.0,5.1,-5.1
TOQ002,2025,35,2025-08-25,18.0,1.7,16.3
VIR004,2023,38,2023-09-18,4.0,16.7,-12.7
VIR006,2023,20,2023-05-15,2.0,10.3,-8.3
VIR006,2023,22,2023-05-29,0.0,3.4,-3.4
VIR008,2023,22,2023-05-29,69.0,20.1,48.9
VIR008,2023,23,2023-06-05,295.0,32.7,262.3
VIR008,2023,24,2023-06-12,526.0,87.1,438.9
VIR008,2023,25,2023-06-19,330.0,116.3,213.7
VIR008,2023,26,2023-06-26,25.0,97.9,-72.9
VIR008,2023,27,2023-07-03,140.0,19.8,120.2
VIR008,2023,28,2023-07-10,93.0,65.1,27.9
VIR008,2023,29,2023-07-17,73.0,53.1,19.9
VIR008,2023,30,2023-07-24,393.0,47.3,345.7
VIR008,2023,31,2023-07-31,14.0,131.3,-117.3
VIR008,2023,32,2023-08-07,127.0,13.0,114.0
VIR008,2023,33,2023-08-14,98.0,54.6,43.4
VIR008,2023,35,2023-08-28,92.0,42.4,49.6
VIR008,2023,36,2023-09-04,137.0,52.3,84.7
VIR008,2023,37,2023-09-11,135.0,48.2,86.8
VIR008,2023,38,2023-09-18,85.0,47.3,37.7
VIR008,2023,39,2023-09-25,73.0,33.5,39.5
VIR008,2023,40,2023-10-02,2.0,30.4,-28.4
VIR008,2023,41,2023-10-09,14.0,2.8,11.2
VIR008,2023,42,2023-10-16,29.0,9.5,19.5
VIR008,2023,43,2023-10-23,3.0,16.7,-13.7
VIR008,2024,17,2024-04-22,4.0,3.0,1.0
VIR008,2024,18,2024-04-29,1.0,4.2,-3.2
VIR008,2024,19,2024-05-06,0.0,2.0,-2.0
VIR008,2024,20,2024-05-13,5.0,0.8,4.2
VIR008,2024,21,2024-05-20,31.0,6.3,24.7
VIR008,2024,22,2024-05-27,12.0,19.0,-7.0
VIR008,2024,23,2024-06-03,25.0,11.8,13.2
VIR008,2024,24,2024-06-10,18.0,21.2,-3.2
VIR008,2024,25,2024-06-17,4.0,17.2,-13.2
VIR008,2024,26,2024-06-24,11.0,6.4,4.6
VIR008,2024,27,2024-07-01,9.0,13.6,-4.6
VIR008,2024,28,2024-07-08,11.0,12.0,-1.0
VIR008,2024,29,2024-07-15,21.0,14.1,6.9
VIR008,2024,30,2024-07-22,11.0,20.2,-9.2
VIR008,2024,31,2024-07-29,6.0,13.3,-7.3
VIR008,2024,32,2024-08-05,15.0,8.7,6.3
VIR008,2024,33,2024-08-12,9.0,15.8,-6.8
VIR008,2024,34,2024-08-19,9.0,12.0,-3.0
VIR008,2024,35,2024-08-26,8.0,10.0,-2.0
VIR008,2024,36,2024-09-02,8.0,9.3,-1.3
VIR008,2024,37,2024-09-09,14.0,10.0,4.0
VIR008,2024,38,2024-09-16,24.0,13.1,10.9
VIR008,2024,39,2024-09-23,34.0,15.8,18.2
VIR008,2024,40,2024-09-30,28.0,23.3,4.7
VIR008,2024,41,2024-10-07,72.0,20.6,51.4
VIR008,2024,42,2024-10-14,11.0,35.3,-24.3
VIR008,2024,43,2024-10-21,12.0,8.4,3.6
VIR008,2025,20,2025-05-12,10.0,8.1,1.9
VIR008,2025,21,2025-05-19,2.0,8.2,-6.2
VIR008,2025,22,2025-05-26,10.0,3.7,6.3
VIR008,2025,23,2025-06-02,7.0,11.0,-4.0
VIR008,2025,24,2025-06-09,12.0,9.0,3.0
VIR008,2025,25,2025-06-16,35.0,13.5,21.5
VIR008,2025,26,2025-06-23,11.0,26.6,-15.6
VIR008,2025,27,2025-06-30,19.0,11.6,7.4
VIR008,2025,28,2025-07-07,25.0,17.7,7.3
VIR008,2025,32,2025-08-04,4.0,22.8,-18.8
WAS001,2023,20,2023-05-15,220.0,12.7,207.3
WAS001,2023,21,2023-05-22,30.0,67.5,-37.5
WAS001,2023,22,2023-05-29,48.0,19.2,28.8
WAS001,2023,23,2023-06-05,56.0,25.9,30.1
WAS001,2023,24,2023-06-12,48.0,29.7,18.3
WAS001,2023,25,2023-06-19,39.0,24.7,14.3
WAS001,2023,26,2023-06-26,43.0,24.6,18.4
WAS001,2023,27,2023-07-03,18.0,28.1,-10.1
WAS001,2023,28,2023-07-10,45.0,17.3,27.7
WAS001,2023,29,2023-07-17,12.0,33.2,-21.2
WAS001,2023,30,2023-07-24,60.0,14.9,45.1
WAS001,2023,31,2023-07-31,8.0,39.1,-31.1
WAS001,2023,32,2023-08-07,10.0,9.1,0.9
WAS001,2023,33,2023-08-14,22.0,10.6,11.4
WAS001,2023,35,2023-08-28,56.0,16.1,39.9
WAS001,2023,36,2023-09-04,21.0,37.9,-16.9
WAS001,2023,37,2023-09-11,44.0,14.2,29.8
WAS001,2023,38,2023-09-18,328.0,22.8,305.2
WAS001,2023,39,2023-09-25,203.0,80.3,122.7
WAS001,2023,40,2023-10-02,48.0,59.0,-11.0
WAS001,2023,41,2023-10-09,120.0,21.5,98.5
WAS001,2023,42,2023-10-16,51.0,38.8,12.2
WAS001,2023,43,2023-10-23,13.0,24.2,-11.2
WAS001,2024,10,2024-03-04,2.0,7.9,-5.9
WAS001,2024,11,2024-03-11,3.0,1.8,1.2
WAS001,2024,12,2024-03-18,1.0,2.4,-1.4
WAS001,2024,13,2024-03-25,2.0,1.4,0.6
WAS001,2024,14,2024-04-01,3.0,2.1,0.9
WAS001,2024,15,2024-04-08,1.0,2.6,-1.6
WAS001,2024,16,2024-04-15,10.0,1.8,8.2
WAS001,2024,17,2024-04-22,228.0,7.8,220.2
WAS001,2024,18,2024-04-29,942.0,59.0,883.0
WAS001,2024,19,2024-05-06,237.0,153.7,83.3
WAS001,2024,20,2024-05-13,215.0,58.2,156.8
WAS001,2024,21,2024-05-20,109.0,70.9,38.1
WAS001,2024,22,2024-05-27,258.0,43.1,214.9
WAS001,2024,23,2024-06-03,834.0,86.1,747.9
WAS001,2024,24,2024-06-10,277.0,203.0,74.0
WAS001,2024,25,2024-06-17,136.0,100.3,35.7
WAS001,2024,26,2024-06-24,236.0,60.7,175.3
WAS001,2024,27,2024-07-01,141.0,97.4,43.6
WAS001,2024,28,2024-07-08,116.0,69.9,46.1
WAS001,2024,29,2024-07-15,89.0,63.6,25.4
WAS001,2024,30,2024-07-22,26.0,51.2,-25.2
WAS001,2024,31,2024-07-29,10.0,23.1,-13.1
WAS001,2024,32,2024-08-05,10.0,11.9,-1.9
WAS001,2024,33,2024-08-12,1.0,12.3,-11.3
WAS001,2024,34,2024-08-19,2.0,3.7,-1.7
WAS001,2024,35,2024-08-26,1.0,4.1,-3.1
WAS001,2024,36,2024-09-02,7.0,2.9,4.1
WAS001,2024,37,2024-09-09,2.0,9.2,-7.2
WAS001,2024,38,2024-09-16,20.0,4.0,16.0
WAS001,2024,39,2024-09-23,11.0,14.0,-3.0
WAS001,2024,40,2024-09-30,13.0,11.2,1.8
WAS001,2024,41,2024-10-07,6.0,12.6,-6.6
WAS001,2024,42,2024-10-14,0.0,7.1,-7.1
WAS001,2024,43,2024-10-21,0.0,0.9,-0.9
WAS001,2025,13,2025-03-24,0.0,0.8,-0.8
WAS001,2025,15,2025-04-07,0.0,0.9,-0.9
WAS001,2025,16,2025-04-14,0.0,1.1,-1.1
WAS001,2025,17,2025-04-21,0.0,0.8,-0.8
WAS001,2025,18,2025-04-28,1.0,1.0,0.0
WAS001,2025,20,2025-05-12,0.0,2.0,-2.0
WAS001,2025,21,2025-05-19,0.0,1.0,-1.0
WAS001,2025,22,2025-05-26,2.0,1.3,0.7
WAS001,2025,23,2025-06-02,0.0,4.2,-4.2
WAS001,2025,24,2025-06-09,1.0,1.6,-0.6
WAS001,2025,25,2025-06-16,1.0,3.4,-2.4
WAS001,2025,26,2025-06-23,3.0,3.3,-0.3
WAS001,2025,27,2025-06-30,3.0,5.2,-2.2
WAS001,2025,28,2025-07-07,0.0,5.7,-5.7
WAS001,2025,29,2025-07-14,4.0,2.0,2.0
WAS001,2025,31,2025-07-28,0.0,6.8,-6.8
WAS001,2025,32,2025-08-04,1.0,1.8,-0.8
WAS001,2025,33,2025-08-11,4.0,3.6,0.4
WAS001,2025,34,2025-08-18,1.0,7.0,-6.0
WAS001,2025,35,2025-08-25,6.0,3.4,2.6
WAS002,2023,4,2023-01-23,0.0,0.2,-0.2
WAS002,2023,5,2023-01-30,0.0,0.1,-0.1
WAS002,2023,10,2023-03-06,0.0,0.1,-0.1
WAS002,2023,13,2023-03-27,0.0,0.3,-0.3
WAS002,2023,14,2023-04-03,0.0,0.3,-0.3
WAS002,2023,15,2023-04-10,1.0,0.4,0.6
WAS002,2023,16,2023-04-17,1.0,1.8,-0.8
WAS002,2023,17,2023-04-24,0.0,1.7,-1.7
WAS002,2023,18,2023-05-01,2.0,1.0,1.0
WAS002,2023,19,2023-05-08,1.0,2.8,-1.8
WAS002,2023,20,2023-05-15,23.0,2.1,20.9
WAS002,2023,21,2023-05-22,16.0,15.5,0.5
WAS002,2023,22,2023-05-29,87.0,12.8,74.2
WAS002,2023,23,2023-06-05,733.0,38.1,694.9
WAS002,2023,24,2023-06-12,12.0,156.5,-144.5
WAS002,2023,25,2023-06-19,88.0,10.0,78.0
WAS002,2023,26,2023-06-26,179.0,41.7,137.3
WAS002,2023,27,2023-07-03,128.0,70.6,57.4
WAS002,2023,28,2023-07-10,244.0,61.5,182.5
WAS002,2023,29,2023-07-17,165.0,98.8,66.2
WAS002,2023,30,2023-07-24,179.0,79.9,99.1
WAS002,2023,31,2023-07-31,23.0,79.2,-56.2
WAS002,2023,32,2023-08-07,82.0,17.9,64.1
WAS002,2023,33,2023-08-14,101.0,41.1,59.9
WAS002,2023,35,2023-08-28,329.0,43.3,285.7
WAS002,2023,36,2023-09-04,207.0,118.8,88.2
WAS002,2023,37,2023-09-11,111.0,62.9,48.1
WAS002,2023,38,2023-09-18,243.0,41.6,201.4
WAS002,2023,39,2023-09-25,140.0,66.2,73.8
WAS002,2023,40,2023-10-02,32.0,46.4,-14.4
WAS002,2023,41,2023-10-09,109.0,16.5,92.5
WAS002,2023,42,2023-10-16,22.0,36.4,-14.4
WAS002,2023,43,2023-10-23,18.0,14.0,4.0
WAS002,2023,44,2023-10-30,3.0,9.8,-6.8
WAS002,2023,45,2023-11-06,4.0,2.8,1.2
WAS002,2023,46,2023-11-13,1.0,3.2,-2.2
WAS002,2023,48,2023-11-27,0.0,1.3,-1.3
WAS002,2023,49,2023-12-04,1.0,0.2,0.8
WAS002,2024,10,2024-03-04,0.0,1.0,-1.0
WAS002,2024,11,2024-03-11,0.0,0.4,-0.4
WAS002,2024,12,2024-03-18,1.0,0.4,0.6
WAS002,2024,13,2024-03-25,0.0,1.4,-1.4
WAS002,2024,14,2024-04-01,0.0,0.5,-0.5
WAS002,2024,15,2024-04-08,0.0,0.5,-0.5
WAS002,2024,16,2024-04-15,0.0,0.8,-0.8
WAS002,2024,17,2024-04-22,1.0,0.9,0.1
WAS002,2024,18,2024-04-29,4.0,1.9,2.1
WAS002,2024,19,2024-05-06,3.0,4.4,-1.4
WAS002,2024,20,2024-05-13,85.0,3.3,81.7
WAS002,2024,21,2024-05-20,82.0,38.9,43.1
WAS002,2024,22,2024-05-27,575.0,35.9,539.1
WAS002,2024,23,2024-06-03,1471.0,144.2,1326.8
WAS002,2024,24,2024-06-10,159.0,292.2,-133.2
WAS002,2024,25,2024-06-17,220.0,70.1,149.9
WAS002,2024,26,2024-06-24,312.0,82.8,229.2
WAS002,2024,27,2024-07-01,180.0,116.6,63.4
WAS002,2024,28,2024-07-08,46.0,81.8,-35.8
WAS002,2024,29,2024-07-15,82.0,35.1,46.9
WAS002,2024,30,2024-07-22,19.0,48.6,-29.6
WAS002,2024,31,2024-07-29,17.0,18.9,-1.9
WAS002,2024,32,2024-08-05,21.0,16.7,4.3
WAS002,2024,33,2024-08-12,18.0,19.6,-1.6
WAS002,2024,34,2024-08-19,8.0,18.7,-10.7
WAS002,2024,35,2024-08-26,1.0,9.3,-8.3
WAS002,2024,36,2024-09-02,5.0,2.9,2.1
WAS002,2024,37,2024-09-09,18.0,7.5,10.5
WAS002,2024,38,2024-09-16,45.0,15.4,29.6
WAS002,2024,39,2024-09-23,52.0,23.8,28.2
WAS002,2024,40,2024-09-30,45.0,30.7,14.3
WAS002,2024,41,2024-10-07,21.0,28.0,-7.0
WAS002,2024,42,2024-10-14,7.0,15.8,-8.8
WAS002,2024,43,2024-10-21,0.0,6.3,-6.3
WAS002,2024,45,2024-11-04,0.0,0.8,-0.8
WAS002,2024,46,2024-11-11,1.0,0.4,0.6
WAS002,2024,47,2024-11-18,0.0,1.1,-1.1
WAS002,2025,4,2025-01-20,0.0,0.4,-0.4
WAS002,2025,7,2025-02-10,0.0,0.2,-0.2
WAS002,2025,8,2025-02-17,0.0,0.2,-0.2
WAS002,2025,9,2025-02-24,0.0,0.4,-0.4
WAS002,2025,10,2025-03-03,0.0,0.7,-0.7
WAS002,2025,11,2025-03-10,0.0,0.3,-0.3
WAS002,2025,12,2025-03-17,0.0,0.4,-0.4
WAS002,2025,13,2025-03-24,0.0,0.5,-0.5
WAS002,2025,15,2025-04-07,1.0,0.9,0.1
WAS002,2025,16,2025-04-14,1.0,2.2,-1.2
WAS002,2025,17,2025-04-21,4.0,1.8,2.2
WAS002,2025,18,2025-04-28,4.0,4.5,-0.5
WAS002,2025,19,2025-05-05,2.0,4.3,-2.3
WAS002,2025,20,2025-05-12,3.0,2.9,0.1
WAS002,2025,21,2025-05-19,2.0,3.8,-1.8
WAS002,2025,22,2025-05-26,28.0,3.7,24.3
WAS002,2025,23,2025-06-02,20.0,21.4,-1.4
WAS002,2025,24,2025-06-09,17.0,17.5,-0.5
WAS002,2025,25,2025-06-16,77.0,16.9,60.1
WAS002,2025,26,2025-06-23,16.0,44.2,-28.2
WAS002,2025,27,2025-06-30,56.0,14.8,41.2
WAS002,2025,28,2025-07-07,11.0,35.6,-24.6
WAS002,2025,29,2025-07-14,31.0,13.5,17.5
WAS002,2025,30,2025-07-21,4.0,24.5,-20.5
WAS002,2025,31,2025-07-28,36.0,6.4,29.6
WAS002,2025,32,2025-08-04,6.0,27.1,-21.1
WAS002,2025,33,2025-08-11,37.0,9.3,27.7
WAS002,2025,34,2025-08-18,7.0,28.1,-21.1
WAS002,2025,35,2025-08-25,8.0,9.7,-1.7
WAS002-EX,2024,27,2024-07-01,61.0,64.7,-3.7
WAS002-EX,2024,28,2024-07-08,45.0,40.7,4.3
WAS002-EX,2024,29,2024-07-15,70.0,34.6,35.4
WAS002-EX,2024,30,2024-07-22,14.0,43.8,-29.8
WAS005,2023,17,2023-04-24,1.0,1.0,-0.0
WAS005,2023,18,2023-05-01,2.0,2.1,-0.1
WAS005,2023,19,2023-05-08,1.0,2.8,-1.8
WAS005,2023,20,2023-05-15,1.0,2.1,-1.1
WAS005,2023,21,2023-05-22,2.0,2.4,-0.4
WAS005,2023,22,2023-05-29,1.0,3.5,-2.5
WAS005,2023,23,2023-06-05,4.0,2.5,1.5
WAS005,2023,24,2023-06-12,1.0,5.5,-4.5
WAS005,2023,25,2023-06-19,10.0,2.3,7.7
WAS005,2023,26,2023-06-26,3.0,10.2,-7.2
WAS005,2023,27,2023-07-03,10.0,5.3,4.7
WAS005,2023,28,2023-07-10,4.0,11.9,-7.9
WAS005,2023,29,2023-07-17,9.0,7.3,1.7
WAS005,2023,30,2023-07-24,5.0,12.4,-7.4
WAS005,2023,31,2023-07-31,4.0,8.1,-4.1
WAS005,2023,32,2023-08-07,1.0,5.9,-4.9
WAS005,2023,33,2023-08-14,8.0,2.9,5.1
WAS005,2023,35,2023-08-28,10.0,8.4,1.6
WAS005,2023,36,2023-09-04,0.0,12.6,-12.6
WAS005,2023,37,2023-09-11,5.0,1.1,3.9
WAS005,2023,38,2023-09-18,5.0,5.6,-0.6
WAS005,2023,39,2023-09-25,1.0,5.3,-4.3
WAS005,2023,40,2023-10-02,0.0,2.1,-2.1
WAS005,2024,23,2024-06-03,2.0,0.9,1.1
WAS005,2024,24,2024-06-10,0.0,4.6,-4.6
WAS005,2024,25,2024-06-17,2.0,1.8,0.2
WAS005,2024,26,2024-06-24,3.0,4.4,-1.4
WAS005,2024,27,2024-07-01,0.0,6.2,-6.2
WAS005,2024,28,2024-07-08,2.0,2.0,0.0
WAS005,2024,29,2024-07-15,2.0,5.2,-3.2
WAS005,2024,30,2024-07-22,3.0,4.9,-1.9
WAS005,2024,31,2024-07-29,7.0,6.1,0.9
WAS005,2024,32,2024-08-05,5.0,9.6,-4.6
WAS005,2024,33,2024-08-12,5.0,8.0,-3.0
WAS005,2024,34,2024-08-19,12.0,8.4,3.6
WAS005,2024,35,2024-08-26,12.0,12.0,0.0
WAS005,2024,36,2024-09-02,7.0,12.0,-5.0
WAS005,2024,37,2024-09-09,19.0,9.2,9.8
WAS005,2024,38,2024-09-16,11.0,16.0,-5.0
WAS005,2024,39,2024-09-23,1.0,9.5,-8.5
WAS005,2024,40,2024-09-30,5.0,2.9,2.1
WAS005,2025,18,2025-04-28,0.0,6.9,-6.9
WAS005,2025,20,2025-05-12,0.0,0.9,-0.9
WAS005,2025,21,2025-05-19,0.0,1.0,-1.0
WAS005,2025,23,2025-06-02,3.0,1.3,1.7
WAS005,2025,24,2025-06-09,9.0,5.4,3.6
WAS005,2025,25,2025-06-16,9.0,11.3,-2.3
WAS005,2025,26,2025-06-23,16.0,11.1,4.9
WAS005,2025,27,2025-06-30,7.0,14.8,-7.8
WAS005,2025,28,2025-07-07,4.0,9.4,-5.4
WAS005,2025,29,2025-07-14,5.0,7.3,-2.3
WAS005,2025,30,2025-07-21,5.0,7.7,-2.7
WAS005,2025,31,2025-07-28,1.0,7.3,-6.3
WAS005,2025,32,2025-08-04,4.0,3.3,0.7
WAS005,2025,33,2025-08-11,5.0,7.3,-2.3
WAS005,2025,34,2025-08-18,4.0,7.9,-3.9
WAS005,2025,35,2025-08-25,6.0,6.9,-0.9
WAS006,2023,15,2023-04-10,0.0,3.1,-3.1
WAS006,2023,16,2023-04-17,0.0,0.8,-0.8
WAS006,2023,17,2023-04-24,0.0,0.8,-0.8
WAS006,2023,18,2023-05-01,0.0,1.0,-1.0
WAS006,2023,19,2023-05-08,0.0,0.9,-0.9
WAS006,2023,20,2023-05-15,0.0,1.0,-1.0
WAS006,2023,21,2023-05-22,0.0,1.2,-1.2
WAS006,2023,22,2023-05-29,0.0,1.2,-1.2
WAS006,2023,23,2023-06-05,1.0,1.2,-0.2
WAS006,2023,24,2023-06-12,0.0,2.6,-2.6
WAS006,2023,25,2023-06-19,0.0,1.1,-1.1
WAS006,2023,26,2023-06-26,0.0,1.4,-1.4
WAS006,2023,27,2023-07-03,0.0,1.6,-1.6
WAS006,2023,28,2023-07-10,3.0,1.8,1.2
WAS006,2023,29,2023-07-17,2.0,6.2,-4.2
WAS006,2023,30,2023-07-24,1.0,5.2,-4.2
WAS006,2023,31,2023-07-31,1.0,3.5,-2.5
WAS006,2023,32,2023-08-07,0.0,2.9,-2.9
WAS006,2023,33,2023-08-14,2.0,1.5,0.5
WAS006,2023,35,2023-08-28,1.0,3.6,-2.6
WAS006,2023,36,2023-09-04,2.0,3.6,-1.6
WAS006,2023,37,2023-09-11,2.0,3.2,-1.2
WAS006,2023,38,2023-09-18,1.0,3.2,-2.2
WAS006,2023,39,2023-09-25,5.0,2.1,2.9
WAS006,2024,16,2024-04-15,7.0,5.3,1.7
WAS006,2024,17,2024-04-22,2.0,6.2,-4.2
WAS006,2024,18,2024-04-29,1.0,2.7,-1.7
WAS006,2024,20,2024-05-13,5.0,2.0,3.0
WAS006,2024,22,2024-05-27,1.0,6.3,-5.3
WAS006,2024,23,2024-06-03,6.0,2.9,3.1
WAS006,2024,24,2024-06-10,7.0,8.6,-1.6
WAS006,2024,25,2024-06-17,0.0,9.5,-9.5
WAS006,2024,26,2024-06-24,3.0,1.6,1.4
WAS006,2024,27,2024-07-01,1.0,6.2,-5.2
WAS006,2024,28,2024-07-08,1.0,3.6,-2.6
WAS006,2024,29,2024-07-15,0.0,3.8,-3.8
WAS006,2024,30,2024-07-22,4.0,1.9,2.1
WAS006,2024,31,2024-07-29,1.0,7.2,-6.2
WAS006,2024,32,2024-08-05,3.0,3.3,-0.3
WAS006,2024,33,2024-08-12,1.0,5.9,-4.9
WAS006,2024,34,2024-08-19,1.0,3.7,-2.7
WAS006,2024,35,2024-08-26,0.0,2.9,-2.9
WAS006,2024,36,2024-09-02,6.0,1.5,4.5
WAS006,2024,37,2024-09-09,4.0,8.4,-4.4
WAS006,2024,38,2024-09-16,3.0,6.0,-3.0
WAS006,2024,39,2024-09-23,1.0,4.2,-3.2
WAS006,2024,40,2024-09-30,0.0,2.9,-2.9
WAS006,2025,18,2025-04-28,4.0,1.5,2.5
WAS006,2025,20,2025-05-12,3.0,4.3,-1.3
WAS006,2025,21,2025-05-19,1.0,3.8,-2.8
WAS006,2025,22,2025-05-26,0.0,2.6,-2.6
WAS006,2025,23,2025-06-02,1.0,1.6,-0.6
WAS006,2025,24,2025-06-09,3.0,3.1,-0.1
WAS006,2025,25,2025-06-16,0.0,5.8,-5.8
WAS006,2025,26,2025-06-23,4.0,1.8,2.2
WAS006,2025,27,2025-06-30,2.0,6.2,-4.2
WAS006,2025,28,2025-07-07,0.0,4.6,-4.6
WAS006,2025,29,2025-07-14,2.0,2.0,0.0
WAS006,2025,30,2025-07-21,0.0,4.6,-4.6
WAS006,2025,31,2025-07-28,0.0,1.7,-1.7
WAS006,2025,32,2025-08-04,2.0,1.8,0.2
WAS006,2025,33,2025-08-11,0.0,5.0,-5.0
WAS006,2025,34,2025-08-18,0.0,1.8,-1.8
WAS006,2025,35,2025-08-25,1.0,1.8,-0.8
WAS008,2023,4,2023-01-23,0.0,0.2,-0.2
WAS008,2023,5,2023-01-30,0.0,0.1,-0.1
WAS008,2023,10,2023-03-06,1.0,0.1,0.9
WAS008,2023,13,2023-03-27,1.0,1.0,-0.0
WAS008,2023,14,2023-04-03,4.0,1.1,2.9
WAS008,2023,15,2023-04-10,5.0,2.9,2.1
WAS008,2023,16,2023-04-17,9.0,4.7,4.3
WAS008,2023,17,2023-04-24,3.0,6.6,-3.6
WAS008,2023,18,2023-05-01,12.0,3.8,8.2
WAS008,2023,19,2023-05-08,8.0,8.6,-0.6
WAS008,2023,20,2023-05-15,44.0,7.2,36.8
WAS008,2023,21,2023-05-22,27.0,23.7,3.3
WAS008,2023,22,2023-05-29,28.0,18.0,10.0
WAS008,2023,23,2023-06-05,55.0,18.2,36.8
WAS008,2023,24,2023-06-12,8.0,29.4,-21.4
WAS008,2023,25,2023-06-19,8.0,7.7,0.3
WAS008,2023,26,2023-06-26,17.0,8.9,8.1
WAS008,2023,27,2023-07-03,17.0,15.4,1.6
WAS008,2023,28,2023-07-10,26.0,16.7,9.3
WAS008,2023,29,2023-07-17,17.0,23.3,-6.3
WAS008,2023,30,2023-07-24,34.0,18.5,15.5
WAS008,2023,31,2023-07-31,7.0,27.1,-20.1
WAS008,2023,32,2023-08-07,7.0,8.4,-1.4
WAS008,2023,33,2023-08-14,27.0,8.4,18.6
WAS008,2023,34,2023-08-21,5.0,18.4,-13.4
WAS008,2023,35,2023-08-28,128.0,6.6,121.4
WAS008,2023,36,2023-09-04,238.0,64.7,173.3
WAS008,2023,37,2023-09-11,6.0,68.9,-62.9
WAS008,2023,38,2023-09-18,192.0,6.2,185.8
WAS008,2023,39,2023-09-25,201.0,56.8,144.2
WAS008,2023,40,2023-10-02,65.0,58.6,6.4
WAS008,2023,41,2023-10-09,119.0,26.2,92.8
WAS008,2023,42,2023-10-16,27.0,38.6,-11.6
WAS008,2023,43,2023-10-23,19.0,16.0,3.0
WAS008,2023,44,2023-10-30,0.0,10.2,-10.2
WAS008,2023,45,2023-11-06,5.0,0.6,4.4
WAS008,2023,46,2023-11-13,0.0,3.7,-3.7
WAS008,2023,48,2023-11-27,0.0,0.5,-0.5
WAS008,2023,49,2023-12-04,0.0,0.2,-0.2
WAS008,2024,5,2024-01-29,4.0,0.3,3.7
WAS008,2024,6,2024-02-12,0.0,2.6,-2.6
WAS008,2024,9,2024-02-26,0.0,0.3,-0.3
WAS008,2024,10,2024-03-04,2.0,0.5,1.5
WAS008,2024,11,2024-03-11,1.0,1.8,-0.8
WAS008,2024,12,2024-03-18,4.0,1.2,2.8
WAS008,2024,13,2024-03-25,2.0,3.3,-1.3
WAS008,2024,14,2024-04-01,0.0,2.1,-2.1
WAS008,2024,15,2024-04-08,4.0,0.5,3.5
WAS008,2024,16,2024-04-15,4.0,4.0,0.0
WAS008,2024,17,2024-04-22,6.0,4.3,1.7
WAS008,2024,18,2024-04-29,14.0,5.4,8.6
WAS008,2024,19,2024-05-06,1.0,9.9,-8.9
WAS008,2024,20,2024-05-13,34.0,1.8,32.2
WAS008,2024,21,2024-05-20,32.0,21.4,10.6
WAS008,2024,22,2024-05-27,24.0,19.4,4.6
WAS008,2024,23,2024-06-03,45.0,18.5,26.5
WAS008,2024,24,2024-06-10,9.0,30.9,-21.9
WAS008,2024,25,2024-06-17,3.0,11.1,-8.1
WAS008,2024,26,2024-06-24,39.0,5.4,33.6
WAS008,2024,27,2024-07-01,54.0,30.5,23.5
WAS008,2024,28,2024-07-08,110.0,37.6,72.4
WAS008,2024,29,2024-07-15,86.0,61.5,24.5
WAS008,2024,30,2024-07-22,34.0,50.1,-16.1
WAS008,2024,31,2024-07-29,16.0,27.4,-11.4
WAS008,2024,32,2024-08-05,48.0,16.1,31.9
WAS008,2024,33,2024-08-12,29.0,33.5,-4.5
WAS008,2024,34,2024-08-19,14.0,25.3,-11.3
WAS008,2024,35,2024-08-26,3.0,13.2,-10.2
WAS008,2024,36,2024-09-02,40.0,5.1,34.9
WAS008,2024,37,2024-09-09,16.0,28.1,-12.1
WAS008,2024,38,2024-09-16,18.0,14.3,3.7
WAS008,2024,39,2024-09-23,8.0,13.1,-5.1
WAS008,2024,40,2024-09-30,4.0,9.2,-5.2
WAS008,2024,41,2024-10-07,6.0,6.0,-0.0
WAS008,2024,42,2024-10-14,3.0,7.1,-4.1
WAS008,2024,43,2024-10-21,11.0,3.7,7.3
WAS008,2024,45,2024-11-04,0.0,7.6,-7.6
WAS008,2024,46,2024-11-11,2.0,0.4,1.6
WAS008,2024,47,2024-11-18,0.0,1.7,-1.7
WAS008,2025,4,2025-01-20,0.0,0.4,-0.4
WAS008,2025,7,2025-02-10,0.0,0.2,-0.2
WAS008,2025,8,2025-02-17,3.0,0.2,2.8
WAS008,2025,9,2025-02-24,3.0,2.4,0.6
WAS008,2025,10,2025-03-03,0.0,3.0,-3.0
WAS008,2025,11,2025-03-10,0.0,0.3,-0.3
WAS008,2025,12,2025-03-17,0.0,0.4,-0.4
WAS008,2025,13,2025-03-24,3.0,0.5,2.5
WAS008,2025,15,2025-04-07,1.0,3.5,-2.5
WAS008,2025,16,2025-04-14,10.0,2.2,7.8
WAS008,2025,17,2025-04-21,18.0,7.4,10.6
WAS008,2025,18,2025-04-28,13.0,12.0,1.0
WAS008,2025,19,2025-05-05,35.0,9.3,25.7
WAS008,2025,20,2025-05-12,29.0,18.3,10.7
WAS008,2025,21,2025-05-19,67.0,16.5,50.5
WAS008,2025,22,2025-05-26,131.0,33.3,97.7
WAS008,2025,23,2025-06-02,27.0,58.0,-31.0
WAS008,2025,24,2025-06-09,74.0,21.2,52.8
WAS008,2025,25,2025-06-16,91.0,43.6,47.4
WAS008,2025,26,2025-06-23,13.0,49.2,-36.2
WAS008,2025,27,2025-06-30,66.0,12.9,53.1
WAS008,2025,28,2025-07-07,20.0,39.6,-19.6
WAS008,2025,29,2025-07-14,16.0,19.7,-3.7
WAS008,2025,30,2025-07-21,6.0,16.0,-10.0
WAS008,2025,31,2025-07-28,5.0,8.2,-3.2
WAS008,2025,32,2025-08-04,5.0,7.8,-2.8
WAS008,2025,33,2025-08-11,2.0,8.3,-6.3
WAS008,2025,34,2025-08-18,4.0,4.7,-0.7
WAS008,2025,35,2025-08-25,12.0,6.9,5.1
WAS009,2023,20,2023-05-15,85.0,6.6,78.4
WAS009,2023,21,2023-05-22,27.0,36.4,-9.4
WAS009,2023,22,2023-05-29,35.0,18.0,17.0
WAS009,2023,23,2023-06-05,90.0,21.0,69.0
WAS009,2023,24,2023-06-12,10.0,40.4,-30.4
WAS009,2023,25,2023-06-19,36.0,8.9,27.1
WAS009,2023,26,2023-06-26,78.0,23.3,54.7
WAS009,2023,27,2023-07-03,172.0,41.3,130.7
WAS009,2023,28,2023-07-10,102.0,74.4,27.6
WAS009,2023,29,2023-07-17,91.0,56.3,34.7
WAS009,2023,30,2023-07-24,63.0,54.5,8.5
WAS009,2023,31,2023-07-31,20.0,40.4,-20.4
WAS009,2023,32,2023-08-07,59.0,16.4,42.6
WAS009,2023,33,2023-08-14,38.0,33.2,4.8
WAS009,2023,34,2023-08-21,6.0,22.9,-16.9
WAS009,2023,35,2023-08-28,14.0,7.4,6.6
WAS009,2023,36,2023-09-04,19.0,15.6,3.4
WAS009,2023,37,2023-09-11,148.0,13.3,134.7
WAS009,2023,38,2023-09-18,12.0,50.2,-38.2
WAS009,2023,39,2023-09-25,14.0,9.3,4.7
WAS009,2023,40,2023-10-02,2.0,10.3,-8.3
WAS009,2023,41,2023-10-09,16.0,2.8,13.2
WAS009,2023,42,2023-10-16,15.0,10.3,4.7
WAS009,2023,43,2023-10-23,2.0,10.9,-8.9
WAS009,2023,45,2023-11-06,18.0,2.3,15.7
WAS009,2023,46,2023-11-13,7.0,8.8,-1.8
WAS009,2023,48,2023-11-27,0.0,4.5,-4.5
WAS009,2023,49,2023-12-04,0.0,0.2,-0.2
WAS009,2024,16,2024-04-15,8.0,0.3,7.7
WAS009,2024,17,2024-04-22,4.0,6.7,-2.7
WAS009,2024,18,2024-04-29,14.0,4.2,9.8
WAS009,2024,19,2024-05-06,4.0,9.9,-5.9
WAS009,2024,20,2024-05-13,21.0,4.0,17.0
WAS009,2024,21,2024-05-20,9.0,15.7,-6.7
WAS009,2024,22,2024-05-27,21.0,8.5,12.5
WAS009,2024,23,2024-06-03,15.0,17.0,-2.0
WAS009,2024,24,2024-06-10,15.0,15.2,-0.2
WAS009,2024,25,2024-06-17,14.0,15.3,-1.3
WAS009,2024,26,2024-06-24,19.0,14.0,5.0
WAS009,2024,27,2024-07-01,5.0,19.2,-14.2
WAS009,2024,28,2024-07-08,1.0,8.4,-7.4
WAS009,2024,29,2024-07-15,5.0,3.8,1.2
WAS009,2024,30,2024-07-22,5.0,8.2,-3.2
WAS009,2024,31,2024-07-29,5.0,8.2,-3.2
WAS009,2024,32,2024-08-05,3.0,7.8,-4.8
WAS009,2024,33,2024-08-12,2.0,5.9,-3.9
WAS009,2024,34,2024-08-19,6.0,5.0,1.0
WAS009,2024,35,2024-08-26,1.0,7.7,-6.7
WAS009,2024,36,2024-09-02,19.0,2.9,16.1
WAS009,2024,37,2024-09-09,6.0,17.4,-11.4
WAS009,2024,38,2024-09-16,16.0,7.7,8.3
WAS009,2024,39,2024-09-23,3.0,12.1,-9.1
WAS009,2024,40,2024-09-30,11.0,5.1,5.9
WAS009,2025,17,2025-04-21,2.0,11.3,-9.3
WAS009,2025,18,2025-04-28,1.0,3.0,-2.0
WAS009,2025,20,2025-05-12,1.0,2.0,-1.0
WAS011,2023,15,2023-04-10,0.0,10.9,-10.9
WAS011,2023,16,2023-04-17,2.0,0.8,1.2
WAS011,2024,10,2024-03-04,4.0,2.5,1.5
WAS011,2024,11,2024-03-11,118.0,2.9,115.1
WAS011,2024,12,2024-03-18,151.0,28.7,122.3
WAS011,2024,13,2024-03-25,83.0,37.6,45.4
WAS011,2024,14,2024-04-01,84.0,25.0,59.0
WAS011,2024,15,2024-04-08,31.0,24.3,6.7
WAS011,2024,16,2024-04-15,93.0,15.3,77.7
WAS011,2024,17,2024-04-22,221.0,33.6,187.4
WAS011,2024,18,2024-04-29,82.0,57.8,24.2
WAS011,2024,19,2024-05-06,15.0,31.7,-16.7
WAS011,2024,20,2024-05-13,180.0,9.5,170.5
WAS011,2024,21,2024-05-20,47.0,63.2,-16.2
WAS011,2024,22,2024-05-27,60.0,25.0,35.0
WAS011,2024,41,2024-10-07,19.0,33.5,-14.5
WAS011,2024,42,2024-10-14,3.0,14.8,-11.8
WAS011,2024,43,2024-10-21,0.0,3.7,-3.7
WAS011,2025,13,2025-03-24,13.0,0.8,12.2
WAS011,2025,15,2025-04-07,8.0,9.1,-1.1
WAS011,2025,16,2025-04-14,1.0,7.4,-6.4
WAS011,2025,21,2025-05-19,1067.0,1.8,1065.2
WAS011,2025,22,2025-05-26,173.0,198.8,-25.8
WAS011,2025,23,2025-06-02,44.0,69.5,-25.5
WAS011,2025,24,2025-06-09,209.0,29.1,179.9
WAS011,2025,25,2025-06-16,339.0,85.3,253.7
WAS011,2025,26,2025-06-23,252.0,114.9,137.1
WAS011,2025,27,2025-06-30,490.0,87.7,402.3
WAS011,2025,28,2025-07-07,324.0,144.2,179.8
WAS011,2025,29,2025-07-14,354.0,118.6,235.4
WAS011,2025,30,2025-07-21,77.0,118.0,-41.0
WAS011,2025,31,2025-07-28,136.0,42.1,93.9
WAS011,2025,32,2025-08-04,115.0,64.0,51.0
WAS011,2025,33,2025-08-11,243.0,61.0,182.0
WAS011,2025,34,2025-08-18,119.0,94.7,24.3
WAS011,2025,35,2025-08-25,180.0,59.2,120.8
